Date,1 Mo,3 Mo,6 Mo,1 Yr,2 Yr,3 Yr,5 Yr,7 Yr,10 Yr,20 Yr,30 Yr
1/4/2010,0.05,0.08,0.18,0.45,1.09,1.66,2.65,3.36,3.85,4.6,4.65
1/5/2010,0.03,0.07,0.17,0.41,1.01,1.57,2.56,3.28,3.77,4.54,4.59
1/6/2010,0.03,0.06,0.15,0.4,1.01,1.6,2.6,3.33,3.85,4.63,4.7
1/7/2010,0.02,0.05,0.16,0.4,1.03,1.62,2.62,3.33,3.85,4.62,4.69
1/8/2010,0.02,0.05,0.15,0.37,0.96,1.56,2.57,3.31,3.83,4.61,4.7
1/11/2010,0.01,0.04,0.13,0.35,0.95,1.55,2.58,3.32,3.85,4.64,4.74
1/12/2010,0.02,0.05,0.14,0.34,0.92,1.5,2.49,3.22,3.74,4.52,4.62
1/13/2010,0.02,0.06,0.15,0.37,0.97,1.54,2.55,3.28,3.8,4.6,4.71
1/14/2010,0.02,0.05,0.14,0.34,0.94,1.49,2.51,3.23,3.76,4.52,4.63
1/15/2010,0.03,0.06,0.15,0.33,0.89,1.44,2.44,3.17,3.7,4.48,4.58
1/19/2010,0.03,0.06,0.14,0.33,0.93,1.48,2.48,3.2,3.73,4.49,4.6
1/20/2010,0.03,0.05,0.14,0.31,0.92,1.46,2.45,3.16,3.68,4.43,4.54
1/21/2010,0.02,0.06,0.14,0.31,0.87,1.41,2.38,3.09,3.62,4.38,4.5
1/22/2010,0.02,0.06,0.14,0.3,0.84,1.39,2.37,3.09,3.62,4.38,4.5
1/25/2010,0.02,0.06,0.14,0.3,0.86,1.4,2.39,3.12,3.66,4.42,4.55
1/26/2010,0.02,0.07,0.14,0.32,0.87,1.4,2.38,3.11,3.65,4.43,4.56
1/27/2010,0.01,0.08,0.16,0.33,0.9,1.46,2.43,3.14,3.66,4.42,4.55
1/28/2010,0.01,0.08,0.15,0.31,0.87,1.44,2.41,3.15,3.68,4.44,4.57
1/29/2010,0.02,0.08,0.15,0.3,0.82,1.38,2.34,3.08,3.63,4.38,4.51
2/1/2010,0.05,0.1,0.17,0.33,0.86,1.41,2.38,3.12,3.68,4.43,4.56
2/2/2010,0.04,0.1,0.17,0.33,0.86,1.41,2.37,3.11,3.67,4.42,4.55
2/3/2010,0.05,0.1,0.17,0.35,0.88,1.44,2.4,3.16,3.73,4.49,4.62
2/4/2010,0.04,0.09,0.16,0.32,0.8,1.34,2.29,3.06,3.62,4.39,4.53
2/5/2010,0.03,0.1,0.17,0.31,0.77,1.28,2.23,3,3.59,4.36,4.51
2/8/2010,0.04,0.12,0.17,0.32,0.79,1.3,2.26,3.03,3.62,4.38,4.52
2/9/2010,0.05,0.12,0.18,0.34,0.84,1.37,2.32,3.08,3.67,4.44,4.58
2/10/2010,0.06,0.11,0.19,0.38,0.91,1.44,2.39,3.14,3.72,4.51,4.65
2/11/2010,0.05,0.11,0.18,0.38,0.91,1.43,2.39,3.15,3.73,4.54,4.69
2/12/2010,0.04,0.1,0.18,0.35,0.84,1.38,2.35,3.11,3.69,4.52,4.66
2/16/2010,0.04,0.1,0.18,0.34,0.82,1.36,2.32,3.08,3.66,4.49,4.63
2/17/2010,0.07,0.1,0.18,0.35,0.87,1.42,2.4,3.16,3.74,4.56,4.7
2/18/2010,0.07,0.1,0.18,0.37,0.9,1.47,2.46,3.23,3.79,4.61,4.74
2/19/2010,0.06,0.11,0.2,0.39,0.95,1.51,2.48,3.24,3.78,4.58,4.71
2/22/2010,0.06,0.11,0.19,0.37,0.91,1.48,2.47,3.25,3.8,4.6,4.73
2/23/2010,0.08,0.12,0.2,0.36,0.87,1.42,2.37,3.13,3.69,4.49,4.63
2/24/2010,0.08,0.12,0.19,0.34,0.87,1.42,2.4,3.14,3.7,4.49,4.63
2/25/2010,0.09,0.13,0.19,0.32,0.82,1.38,2.33,3.09,3.64,4.44,4.58
2/26/2010,0.09,0.13,0.19,0.32,0.81,1.36,2.3,3.05,3.61,4.4,4.55
3/1/2010,0.09,0.13,0.19,0.32,0.8,1.34,2.28,3.04,3.61,4.41,4.56
3/2/2010,0.09,0.14,0.19,0.32,0.8,1.33,2.27,3.04,3.62,4.42,4.57
3/3/2010,0.09,0.14,0.19,0.33,0.82,1.34,2.27,3.04,3.63,4.43,4.58
3/4/2010,0.09,0.14,0.19,0.35,0.86,1.38,2.28,3.03,3.61,4.4,4.56
3/5/2010,0.11,0.15,0.2,0.38,0.91,1.43,2.35,3.1,3.69,4.49,4.64
3/8/2010,0.11,0.16,0.21,0.39,0.9,1.43,2.36,3.13,3.72,4.52,4.68
3/9/2010,0.12,0.16,0.21,0.37,0.89,1.43,2.34,3.11,3.71,4.53,4.68
3/10/2010,0.12,0.15,0.21,0.39,0.92,1.45,2.39,3.14,3.73,4.53,4.69
3/11/2010,0.12,0.16,0.22,0.4,0.97,1.5,2.43,3.16,3.73,4.51,4.66
3/12/2010,0.1,0.15,0.24,0.41,0.97,1.5,2.42,3.15,3.71,4.47,4.62
3/15/2010,0.12,0.17,0.24,0.4,0.96,1.49,2.42,3.15,3.71,4.48,4.63
3/16/2010,0.14,0.16,0.24,0.41,0.93,1.47,2.37,3.1,3.66,4.43,4.59
3/17/2010,0.13,0.15,0.23,0.41,0.95,1.47,2.38,3.1,3.65,4.41,4.56
3/18/2010,0.14,0.16,0.26,0.41,0.98,1.52,2.44,3.14,3.68,4.43,4.59
3/19/2010,0.13,0.16,0.25,0.42,1.02,1.56,2.48,3.16,3.7,4.41,4.58
3/22/2010,0.13,0.15,0.24,0.41,1.01,1.54,2.43,3.12,3.67,4.41,4.57
3/23/2010,0.11,0.14,0.23,0.4,1.02,1.55,2.44,3.13,3.69,4.43,4.6
3/24/2010,0.12,0.14,0.23,0.44,1.08,1.67,2.62,3.28,3.84,4.56,4.72
3/25/2010,0.12,0.14,0.25,0.44,1.1,1.69,2.65,3.37,3.91,4.63,4.77
3/26/2010,0.11,0.14,0.25,0.43,1.04,1.64,2.59,3.31,3.86,4.6,4.75
3/29/2010,0.11,0.15,0.24,0.42,1.04,1.65,2.6,3.32,3.88,4.61,4.76
3/30/2010,0.13,0.16,0.24,0.44,1.06,1.65,2.6,3.32,3.88,4.59,4.75
3/31/2010,0.15,0.16,0.24,0.41,1.02,1.6,2.55,3.28,3.84,4.55,4.72
4/1/2010,0.16,0.16,0.24,0.42,1.05,1.63,2.59,3.32,3.89,4.58,4.74
4/2/2010,0.15,0.16,0.26,0.46,1.11,1.7,2.67,3.4,3.96,4.65,4.81
4/5/2010,0.16,0.18,0.27,0.48,1.18,1.77,2.75,3.46,4.01,4.69,4.85
4/6/2010,0.17,0.17,0.26,0.49,1.14,1.74,2.71,3.42,3.98,4.68,4.84
4/7/2010,0.16,0.17,0.25,0.47,1.06,1.66,2.62,3.33,3.89,4.58,4.74
4/8/2010,0.16,0.17,0.24,0.46,1.09,1.68,2.64,3.36,3.91,4.6,4.75
4/9/2010,0.16,0.16,0.25,0.46,1.08,1.68,2.65,3.34,3.9,4.58,4.74
4/12/2010,0.15,0.16,0.24,0.46,1.07,1.65,2.6,3.29,3.87,4.54,4.7
4/13/2010,0.15,0.16,0.24,0.45,1.07,1.65,2.58,3.27,3.84,4.52,4.68
4/14/2010,0.15,0.16,0.24,0.45,1.07,1.65,2.61,3.31,3.88,4.57,4.72
4/15/2010,0.16,0.16,0.23,0.43,1.04,1.62,2.57,3.28,3.86,4.56,4.72
4/16/2010,0.15,0.16,0.24,0.41,0.98,1.56,2.49,3.2,3.79,4.5,4.67
4/19/2010,0.15,0.16,0.23,0.43,1.01,1.59,2.54,3.25,3.83,4.54,4.7
4/20/2010,0.14,0.16,0.24,0.42,1.05,1.62,2.56,3.25,3.82,4.51,4.67
4/21/2010,0.14,0.15,0.23,0.44,1.03,1.6,2.52,3.2,3.77,4.45,4.61
4/22/2010,0.15,0.16,0.24,0.45,1.07,1.64,2.57,3.26,3.8,4.48,4.65
4/23/2010,0.14,0.16,0.26,0.46,1.1,1.68,2.61,3.3,3.84,4.51,4.67
4/26/2010,0.14,0.16,0.25,0.47,1.09,1.67,2.6,3.28,3.83,4.5,4.67
4/27/2010,0.14,0.16,0.24,0.42,1.03,1.55,2.46,3.14,3.71,4.4,4.56
4/28/2010,0.14,0.16,0.24,0.43,1.03,1.61,2.53,3.23,3.8,4.47,4.63
4/29/2010,0.15,0.17,0.23,0.42,1.01,1.58,2.49,3.19,3.76,4.42,4.6
4/30/2010,0.14,0.16,0.25,0.41,0.97,1.51,2.43,3.12,3.69,4.36,4.53
5/3/2010,0.14,0.17,0.25,0.43,1,1.56,2.47,3.16,3.72,4.37,4.53
5/4/2010,0.15,0.16,0.24,0.43,0.96,1.49,2.38,3.07,3.63,4.27,4.43
5/5/2010,0.14,0.15,0.22,0.39,0.88,1.43,2.31,3,3.58,4.23,4.39
5/6/2010,0.06,0.11,0.16,0.34,0.75,1.27,2.13,2.83,3.41,4.03,4.19
5/7/2010,0.08,0.13,0.21,0.38,0.83,1.32,2.17,2.87,3.45,4.11,4.28
5/10/2010,0.13,0.16,0.22,0.39,0.87,1.4,2.27,2.98,3.57,4.23,4.41
5/11/2010,0.15,0.16,0.23,0.38,0.85,1.37,2.26,2.97,3.56,4.24,4.42
5/12/2010,0.16,0.16,0.22,0.4,0.89,1.4,2.29,3.01,3.56,4.29,4.47
5/13/2010,0.15,0.16,0.22,0.4,0.87,1.37,2.27,2.98,3.55,4.26,4.47
5/14/2010,0.15,0.16,0.22,0.34,0.79,1.28,2.16,2.87,3.44,4.13,4.32
5/17/2010,0.16,0.16,0.23,0.36,0.81,1.3,2.2,2.9,3.47,4.17,4.35
5/18/2010,0.17,0.17,0.23,0.35,0.76,1.23,2.11,2.82,3.38,4.08,4.26
5/19/2010,0.17,0.17,0.23,0.35,0.8,1.26,2.13,2.82,3.36,4.07,4.24
5/20/2010,0.17,0.17,0.22,0.34,0.76,1.2,2.04,2.71,3.25,3.96,4.13
5/21/2010,0.17,0.17,0.24,0.35,0.76,1.19,2.02,2.67,3.2,3.91,4.07
5/24/2010,0.16,0.17,0.23,0.35,0.77,1.21,2.04,2.69,3.23,3.96,4.12
5/25/2010,0.16,0.17,0.22,0.36,0.81,1.21,2.01,2.63,3.18,3.91,4.07
5/26/2010,0.16,0.17,0.23,0.37,0.82,1.28,2.06,2.68,3.21,3.94,4.11
5/27/2010,0.16,0.17,0.23,0.37,0.87,1.35,2.18,2.81,3.34,4.08,4.24
5/28/2010,0.15,0.16,0.22,0.34,0.76,1.26,2.1,2.75,3.31,4.05,4.22
6/1/2010,0.14,0.16,0.23,0.35,0.78,1.26,2.09,2.74,3.29,4.03,4.19
6/2/2010,0.13,0.16,0.22,0.38,0.82,1.3,2.14,2.81,3.35,4.08,4.24
6/3/2010,0.13,0.14,0.22,0.38,0.82,1.31,2.17,2.84,3.39,4.12,4.29
6/4/2010,0.12,0.14,0.22,0.34,0.72,1.17,1.98,2.65,3.2,3.95,4.13
6/7/2010,0.1,0.12,0.21,0.35,0.74,1.17,1.95,2.62,3.17,3.93,4.11
6/8/2010,0.1,0.12,0.19,0.34,0.74,1.21,1.98,2.63,3.18,3.92,4.1
6/9/2010,0.08,0.1,0.17,0.33,0.74,1.19,1.99,2.64,3.2,3.94,4.12
6/10/2010,0.06,0.1,0.18,0.34,0.79,1.27,2.12,2.78,3.33,4.06,4.25
6/11/2010,0.04,0.08,0.16,0.3,0.75,1.21,2.03,2.68,3.24,3.97,4.15
6/14/2010,0.02,0.07,0.15,0.31,0.77,1.23,2.07,2.73,3.28,4.02,4.2
6/15/2010,0.03,0.09,0.16,0.31,0.79,1.26,2.1,2.77,3.32,4.06,4.23
6/16/2010,0.06,0.1,0.17,0.3,0.75,1.22,2.06,2.73,3.27,4,4.18
6/17/2010,0.05,0.09,0.16,0.28,0.72,1.18,2.01,2.67,3.21,3.95,4.13
6/18/2010,0.04,0.11,0.17,0.3,0.74,1.2,2.04,2.7,3.24,3.97,4.15
6/21/2010,0.05,0.12,0.17,0.29,0.74,1.21,2.05,2.72,3.26,3.99,4.17
6/22/2010,0.08,0.13,0.18,0.29,0.71,1.15,1.98,2.64,3.18,3.92,4.1
6/23/2010,0.07,0.13,0.19,0.3,0.66,1.11,1.93,2.58,3.13,3.87,4.05
6/24/2010,0.07,0.13,0.19,0.29,0.67,1.1,1.93,2.59,3.14,3.91,4.09
6/25/2010,0.05,0.13,0.2,0.29,0.65,1.07,1.9,2.57,3.12,3.89,4.07
6/28/2010,0.07,0.17,0.22,0.3,0.62,1.03,1.83,2.49,3.05,3.82,4.01
6/29/2010,0.09,0.15,0.22,0.31,0.61,0.99,1.78,2.43,2.97,3.76,3.94
6/30/2010,0.17,0.18,0.22,0.32,0.61,1,1.79,2.42,2.97,3.74,3.91
7/1/2010,0.16,0.17,0.22,0.32,0.63,1.01,1.8,2.43,2.96,3.71,3.88
7/2/2010,0.16,0.17,0.22,0.31,0.63,1.04,1.82,2.46,3,3.77,3.94
7/6/2010,0.17,0.17,0.21,0.32,0.62,1,1.76,2.4,2.95,3.71,3.89
7/7/2010,0.17,0.16,0.2,0.31,0.63,1.01,1.79,2.45,3,3.78,3.96
7/8/2010,0.17,0.15,0.19,0.3,0.63,1.01,1.8,2.48,3.04,3.81,4
7/9/2010,0.16,0.16,0.2,0.3,0.63,1.03,1.85,2.52,3.07,3.85,4.04
7/12/2010,0.16,0.16,0.2,0.3,0.65,1.06,1.85,2.51,3.08,3.86,4.05
7/13/2010,0.16,0.15,0.2,0.3,0.67,1.09,1.9,2.57,3.15,3.92,4.1
7/14/2010,0.16,0.15,0.19,0.27,0.62,1.02,1.82,2.49,3.07,3.84,4.03
7/15/2010,0.16,0.15,0.2,0.27,0.61,0.98,1.76,2.43,3,3.77,3.97
7/16/2010,0.14,0.15,0.19,0.28,0.61,0.94,1.7,2.37,2.96,3.74,3.95
7/19/2010,0.15,0.17,0.2,0.28,0.61,0.95,1.73,2.4,2.99,3.78,3.99
7/20/2010,0.16,0.16,0.19,0.27,0.61,0.94,1.71,2.39,2.98,3.78,3.99
7/21/2010,0.16,0.16,0.19,0.27,0.58,0.91,1.66,2.32,2.9,3.68,3.89
7/22/2010,0.15,0.16,0.2,0.27,0.6,0.92,1.69,2.38,2.96,3.75,3.95
7/23/2010,0.15,0.16,0.2,0.27,0.6,0.94,1.75,2.43,3.02,3.81,4.01
7/26/2010,0.15,0.16,0.2,0.29,0.62,0.97,1.76,2.45,3.03,3.82,4.03
7/27/2010,0.16,0.15,0.21,0.3,0.65,1.02,1.82,2.51,3.08,3.88,4.08
7/28/2010,0.15,0.15,0.2,0.3,0.61,0.95,1.75,2.43,3.03,3.86,4.07
7/29/2010,0.15,0.15,0.2,0.3,0.59,0.92,1.7,2.4,3.03,3.86,4.08
7/30/2010,0.14,0.15,0.2,0.29,0.55,0.84,1.6,2.3,2.94,3.74,3.98
8/2/2010,0.14,0.16,0.2,0.28,0.56,0.85,1.64,2.35,2.99,3.82,4.06
8/3/2010,0.15,0.16,0.2,0.27,0.53,0.8,1.55,2.27,2.94,3.78,4.04
8/4/2010,0.15,0.16,0.2,0.28,0.56,0.86,1.62,2.33,2.98,3.81,4.07
8/5/2010,0.15,0.15,0.19,0.27,0.53,0.81,1.57,2.28,2.94,3.78,4.05
8/6/2010,0.14,0.15,0.19,0.25,0.5,0.78,1.51,2.21,2.86,3.71,4
8/9/2010,0.14,0.15,0.19,0.26,0.54,0.81,1.54,2.21,2.86,3.73,4.01
8/10/2010,0.15,0.15,0.19,0.25,0.52,0.78,1.46,2.14,2.79,3.7,4
8/11/2010,0.15,0.15,0.19,0.25,0.54,0.78,1.44,2.08,2.72,3.62,3.93
8/12/2010,0.15,0.16,0.18,0.25,0.55,0.81,1.48,2.11,2.74,3.63,3.94
8/13/2010,0.14,0.15,0.19,0.26,0.54,0.81,1.47,2.07,2.68,3.56,3.87
8/16/2010,0.15,0.16,0.19,0.25,0.51,0.76,1.4,2,2.58,3.42,3.72
8/17/2010,0.16,0.17,0.19,0.26,0.52,0.78,1.44,2.06,2.64,3.47,3.77
8/18/2010,0.16,0.16,0.19,0.25,0.51,0.77,1.46,2.06,2.64,3.44,3.73
8/19/2010,0.16,0.16,0.19,0.25,0.49,0.74,1.41,2.02,2.58,3.37,3.66
8/20/2010,0.15,0.15,0.19,0.26,0.49,0.78,1.47,2.07,2.62,3.38,3.67
8/23/2010,0.15,0.16,0.19,0.25,0.49,0.76,1.43,2.04,2.6,3.37,3.65
8/24/2010,0.17,0.16,0.2,0.27,0.5,0.72,1.36,1.95,2.5,3.28,3.57
8/25/2010,0.17,0.16,0.19,0.26,0.53,0.77,1.4,2,2.54,3.31,3.59
8/26/2010,0.17,0.16,0.19,0.25,0.51,0.77,1.38,1.97,2.5,3.25,3.53
8/27/2010,0.17,0.15,0.19,0.27,0.56,0.83,1.49,2.09,2.66,3.41,3.69
8/30/2010,0.16,0.14,0.19,0.26,0.5,0.75,1.39,1.98,2.54,3.3,3.6
8/31/2010,0.16,0.14,0.19,0.25,0.47,0.72,1.33,1.92,2.47,3.23,3.52
9/1/2010,0.16,0.13,0.19,0.25,0.5,0.75,1.41,2.02,2.58,3.35,3.65
9/2/2010,0.15,0.14,0.18,0.25,0.5,0.76,1.43,2.06,2.63,3.41,3.72
9/3/2010,0.15,0.14,0.19,0.25,0.52,0.81,1.49,2.14,2.72,3.49,3.79
9/7/2010,0.13,0.14,0.18,0.25,0.49,0.77,1.41,2.04,2.61,3.37,3.67
9/8/2010,0.1,0.14,0.19,0.24,0.52,0.8,1.46,2.09,2.66,3.42,3.72
9/9/2010,0.1,0.14,0.19,0.26,0.57,0.87,1.57,2.2,2.77,3.54,3.84
9/10/2010,0.1,0.14,0.19,0.27,0.58,0.88,1.59,2.24,2.81,3.58,3.88
9/13/2010,0.1,0.15,0.19,0.26,0.53,0.82,1.51,2.15,2.74,3.52,3.83
9/14/2010,0.11,0.15,0.2,0.26,0.5,0.77,1.43,2.09,2.68,3.48,3.79
9/15/2010,0.11,0.15,0.2,0.26,0.5,0.77,1.46,2.13,2.74,3.55,3.87
9/16/2010,0.12,0.16,0.2,0.25,0.48,0.77,1.48,2.17,2.77,3.61,3.92
9/17/2010,0.12,0.16,0.2,0.26,0.48,0.75,1.46,2.14,2.75,3.6,3.9
9/20/2010,0.12,0.17,0.2,0.26,0.47,0.73,1.43,2.1,2.72,3.57,3.87
9/21/2010,0.12,0.17,0.2,0.26,0.43,0.68,1.34,1.99,2.61,3.49,3.79
9/22/2010,0.12,0.16,0.19,0.25,0.44,0.68,1.33,1.96,2.56,3.43,3.74
9/23/2010,0.13,0.16,0.2,0.25,0.45,0.67,1.34,1.96,2.56,3.43,3.73
9/24/2010,0.09,0.15,0.19,0.25,0.45,0.69,1.37,2.01,2.62,3.5,3.79
9/27/2010,0.08,0.16,0.19,0.26,0.44,0.66,1.31,1.92,2.54,3.4,3.7
9/28/2010,0.08,0.16,0.2,0.26,0.37,0.64,1.25,1.85,2.48,3.35,3.66
9/29/2010,0.12,0.16,0.2,0.27,0.44,0.67,1.28,1.91,2.52,3.38,3.69
9/30/2010,0.14,0.16,0.19,0.27,0.42,0.64,1.27,1.91,2.53,3.38,3.69
10/1/2010,0.15,0.16,0.19,0.26,0.42,0.63,1.26,1.9,2.54,3.4,3.71
10/4/2010,0.15,0.13,0.19,0.26,0.41,0.62,1.23,1.86,2.5,3.39,3.71
10/5/2010,0.14,0.12,0.18,0.25,0.41,0.6,1.21,1.83,2.5,3.41,3.74
10/6/2010,0.14,0.13,0.17,0.24,0.38,0.57,1.16,1.77,2.41,3.34,3.67
10/7/2010,0.15,0.13,0.17,0.23,0.36,0.54,1.14,1.76,2.41,3.38,3.72
10/8/2010,0.14,0.12,0.16,0.21,0.35,0.54,1.11,1.75,2.41,3.39,3.75
10/11/2010,N/A,N/A,N/A,N/A,N/A,N/A,N/A,N/A,N/A,N/A,N/A
10/12/2010,0.14,0.13,0.17,0.21,0.37,0.59,1.14,1.77,2.44,3.44,3.8
10/13/2010,0.14,0.13,0.18,0.22,0.37,0.57,1.13,1.77,2.46,3.48,3.84
10/14/2010,0.15,0.14,0.17,0.22,0.38,0.6,1.18,1.83,2.52,3.54,3.91
10/15/2010,0.14,0.14,0.17,0.22,0.37,0.59,1.2,1.88,2.59,3.62,3.98
10/18/2010,0.14,0.15,0.18,0.23,0.38,0.55,1.14,1.81,2.52,3.57,3.93
10/19/2010,0.14,0.14,0.18,0.22,0.37,0.54,1.11,1.79,2.5,3.53,3.9
10/20/2010,0.14,0.14,0.17,0.22,0.35,0.52,1.11,1.79,2.51,3.53,3.89
10/21/2010,0.13,0.13,0.18,0.22,0.37,0.52,1.15,1.85,2.57,3.59,3.95
10/22/2010,0.13,0.13,0.18,0.21,0.35,0.54,1.17,1.88,2.59,3.59,3.94
10/25/2010,0.13,0.14,0.18,0.23,0.37,0.55,1.2,1.89,2.59,3.56,3.91
10/26/2010,0.14,0.14,0.18,0.23,0.4,0.59,1.27,1.98,2.67,3.66,4
10/27/2010,0.14,0.14,0.18,0.23,0.4,0.64,1.34,2.06,2.75,3.72,4.06
10/28/2010,0.14,0.13,0.18,0.23,0.37,0.56,1.23,1.97,2.69,3.7,4.05
10/29/2010,0.14,0.12,0.17,0.22,0.34,0.51,1.17,1.89,2.63,3.64,3.99
11/1/2010,0.14,0.13,0.16,0.22,0.34,0.5,1.17,1.9,2.66,3.66,4.01
11/2/2010,0.13,0.13,0.16,0.22,0.34,0.51,1.15,1.87,2.63,3.58,3.93
11/3/2010,0.13,0.13,0.16,0.22,0.34,0.49,1.11,1.85,2.67,3.71,4.09
11/4/2010,0.13,0.13,0.17,0.21,0.33,0.45,1.04,1.73,2.53,3.62,4.04
11/5/2010,0.13,0.13,0.16,0.22,0.38,0.51,1.1,1.77,2.58,3.69,4.12
11/8/2010,0.12,0.13,0.16,0.22,0.41,0.59,1.13,1.78,2.6,3.7,4.12
11/9/2010,0.11,0.13,0.16,0.24,0.46,0.66,1.27,1.91,2.72,3.83,4.25
11/10/2010,0.12,0.13,0.16,0.24,0.44,0.63,1.23,1.84,2.65,3.83,4.25
11/12/2010,0.11,0.13,0.17,0.27,0.51,0.73,1.35,1.98,2.76,3.88,4.26
11/15/2010,0.12,0.14,0.19,0.29,0.53,0.81,1.51,2.16,2.92,4.01,4.38
11/16/2010,0.13,0.15,0.19,0.27,0.51,0.79,1.49,2.13,2.85,3.9,4.26
11/17/2010,0.13,0.14,0.19,0.26,0.5,0.77,1.49,2.16,2.89,3.95,4.31
11/18/2010,0.13,0.15,0.19,0.26,0.52,0.77,1.51,2.2,2.9,3.95,4.29
11/19/2010,0.12,0.14,0.19,0.27,0.52,0.78,1.54,2.2,2.88,3.91,4.25
11/22/2010,0.12,0.15,0.2,0.26,0.49,0.72,1.44,2.11,2.8,3.85,4.2
11/23/2010,0.15,0.15,0.2,0.26,0.45,0.69,1.4,2.08,2.77,3.82,4.18
11/24/2010,0.16,0.16,0.2,0.28,0.53,0.81,1.56,2.24,2.93,3.96,4.29
11/26/2010,0.16,0.16,0.21,0.28,0.51,0.78,1.53,2.21,2.87,3.88,4.21
11/29/2010,0.16,0.18,0.21,0.28,0.52,0.77,1.51,2.19,2.84,3.83,4.16
11/30/2010,0.18,0.17,0.21,0.27,0.45,0.72,1.47,2.16,2.81,3.8,4.12
12/1/2010,0.17,0.16,0.2,0.28,0.53,0.84,1.64,2.33,2.97,3.95,4.24
12/2/2010,0.16,0.16,0.19,0.29,0.55,0.86,1.68,2.37,3.01,3.97,4.27
12/3/2010,0.14,0.14,0.19,0.26,0.49,0.8,1.64,2.36,3.03,4.01,4.32
12/6/2010,0.14,0.15,0.19,0.26,0.42,0.73,1.53,2.26,2.95,3.94,4.25
12/7/2010,0.08,0.14,0.19,0.28,0.54,0.87,1.74,2.51,3.15,4.11,4.39
12/8/2010,0.08,0.15,0.18,0.3,0.63,0.97,1.87,2.62,3.26,4.18,4.45
12/9/2010,0.09,0.14,0.18,0.3,0.64,0.99,1.9,2.62,3.23,4.15,4.41
12/10/2010,0.09,0.13,0.18,0.29,0.64,1.03,1.98,2.7,3.32,4.19,4.43
12/13/2010,0.1,0.15,0.19,0.29,0.61,0.98,1.91,2.64,3.29,4.15,4.39
12/14/2010,0.09,0.15,0.2,0.3,0.66,1.06,2.08,2.84,3.49,4.32,4.54
12/15/2010,0.08,0.14,0.2,0.3,0.68,1.08,2.11,2.88,3.53,4.37,4.59
12/16/2010,0.08,0.13,0.19,0.31,0.66,1.05,2.06,2.81,3.47,4.32,4.57
12/17/2010,0.05,0.11,0.18,0.3,0.61,0.99,1.97,2.69,3.33,4.19,4.41
12/20/2010,0.04,0.14,0.19,0.3,0.62,1.01,1.99,2.72,3.36,4.21,4.44
12/21/2010,0.09,0.14,0.19,0.3,0.63,1.02,1.99,2.71,3.35,4.21,4.44
12/22/2010,0.07,0.14,0.2,0.3,0.65,1.05,2.02,2.74,3.36,4.23,4.45
12/23/2010,0.07,0.14,0.19,0.3,0.67,1.1,2.09,2.8,3.41,4.26,4.47
12/27/2010,0.06,0.17,0.22,0.32,0.71,1.11,2.08,2.76,3.36,4.2,4.42
12/28/2010,0.08,0.15,0.21,0.31,0.75,1.17,2.18,2.89,3.5,4.33,4.53
12/29/2010,0.05,0.13,0.2,0.3,0.64,1.05,2.03,2.75,3.35,4.19,4.41
12/30/2010,0.05,0.12,0.2,0.29,0.66,1.07,2.06,2.76,3.38,4.21,4.43
12/31/2010,0.07,0.12,0.19,0.29,0.61,1.02,2.01,2.71,3.3,4.13,4.34
1/3/2011,0.11,0.15,0.19,0.29,0.61,1.03,2.02,2.74,3.36,4.18,4.39
1/4/2011,0.12,0.14,0.19,0.28,0.63,1.04,2.01,2.72,3.36,4.21,4.44
1/5/2011,0.13,0.14,0.19,0.31,0.71,1.16,2.14,2.86,3.5,4.34,4.55
1/6/2011,0.13,0.15,0.18,0.3,0.68,1.11,2.09,2.8,3.44,4.31,4.53
1/7/2011,0.13,0.14,0.18,0.29,0.6,1.02,1.96,2.69,3.34,4.25,4.48
1/10/2011,0.14,0.15,0.18,0.29,0.59,0.99,1.93,2.65,3.32,4.23,4.47
1/11/2011,0.15,0.15,0.19,0.28,0.6,1.03,1.98,2.7,3.37,4.26,4.49
1/12/2011,0.15,0.15,0.18,0.26,0.61,1.03,1.99,2.71,3.4,4.28,4.52
1/13/2011,0.15,0.15,0.18,0.26,0.59,1,1.93,2.65,3.34,4.24,4.5
1/14/2011,0.14,0.15,0.18,0.27,0.59,1,1.95,2.66,3.35,4.27,4.53
1/18/2011,0.15,0.16,0.19,0.26,0.6,1,1.97,2.7,3.39,4.31,4.56
1/19/2011,0.16,0.16,0.19,0.27,0.6,0.98,1.95,2.69,3.37,4.27,4.53
1/20/2011,0.15,0.16,0.19,0.27,0.65,1.07,2.06,2.81,3.47,4.36,4.6
1/21/2011,0.15,0.16,0.19,0.27,0.63,1.05,2.04,2.77,3.44,4.33,4.57
1/24/2011,0.15,0.16,0.18,0.28,0.65,1.05,2.03,2.76,3.43,4.31,4.55
1/25/2011,0.15,0.16,0.18,0.27,0.62,1,1.96,2.68,3.35,4.23,4.48
1/26/2011,0.15,0.16,0.18,0.27,0.62,1.05,2.03,2.76,3.45,4.34,4.59
1/27/2011,0.13,0.15,0.17,0.25,0.59,1,1.98,2.75,3.42,4.31,4.57
1/28/2011,0.13,0.15,0.15,0.24,0.54,0.96,1.92,2.66,3.36,4.26,4.53
1/31/2011,0.15,0.15,0.17,0.26,0.58,0.98,1.95,2.71,3.42,4.33,4.58
2/1/2011,0.16,0.15,0.18,0.27,0.61,1.04,2.02,2.79,3.48,4.37,4.62
2/2/2011,0.15,0.16,0.18,0.28,0.67,1.12,2.1,2.84,3.52,4.39,4.64
2/3/2011,0.14,0.14,0.18,0.29,0.71,1.19,2.18,2.92,3.58,4.43,4.67
2/4/2011,0.13,0.15,0.18,0.31,0.77,1.25,2.27,3.01,3.68,4.51,4.73
2/7/2011,0.13,0.16,0.18,0.31,0.78,1.28,2.29,3.03,3.68,4.5,4.71
2/8/2011,0.14,0.15,0.18,0.31,0.86,1.4,2.39,3.12,3.75,4.56,4.76
2/9/2011,0.11,0.14,0.18,0.3,0.81,1.34,2.33,3.05,3.65,4.49,4.71
2/10/2011,0.08,0.12,0.16,0.3,0.85,1.4,2.4,3.1,3.7,4.55,4.75
2/11/2011,0.08,0.12,0.16,0.3,0.85,1.4,2.38,3.05,3.64,4.49,4.71
2/14/2011,0.09,0.13,0.17,0.3,0.87,1.41,2.37,3.04,3.62,4.46,4.67
2/15/2011,0.11,0.13,0.17,0.3,0.84,1.39,2.35,3.03,3.61,4.45,4.66
2/16/2011,0.1,0.12,0.16,0.29,0.86,1.4,2.37,3.04,3.62,4.46,4.67
2/17/2011,0.08,0.09,0.15,0.27,0.8,1.33,2.3,2.99,3.58,4.44,4.66
2/18/2011,0.08,0.1,0.15,0.28,0.78,1.32,2.3,2.99,3.59,4.46,4.7
2/22/2011,0.1,0.12,0.16,0.28,0.74,1.22,2.16,2.85,3.46,4.35,4.6
2/23/2011,0.12,0.12,0.16,0.27,0.74,1.25,2.21,2.89,3.49,4.34,4.59
2/24/2011,0.13,0.13,0.16,0.26,0.73,1.24,2.19,2.87,3.46,4.29,4.54
2/25/2011,0.12,0.13,0.16,0.27,0.72,1.22,2.16,2.84,3.42,4.26,4.51
2/28/2011,0.13,0.15,0.18,0.25,0.69,1.18,2.13,2.82,3.42,4.25,4.49
3/1/2011,0.07,0.14,0.16,0.25,0.66,1.15,2.11,2.81,3.41,4.24,4.48
3/2/2011,0.12,0.13,0.17,0.26,0.69,1.18,2.16,2.86,3.46,4.3,4.54
3/3/2011,0.12,0.13,0.16,0.29,0.79,1.32,2.3,3,3.58,4.4,4.64
3/4/2011,0.11,0.12,0.16,0.26,0.68,1.2,2.17,2.88,3.49,4.34,4.6
3/7/2011,0.1,0.11,0.16,0.25,0.7,1.22,2.19,2.9,3.51,4.36,4.61
3/8/2011,0.07,0.11,0.16,0.26,0.73,1.27,2.22,2.93,3.56,4.41,4.66
3/9/2011,0.07,0.1,0.15,0.26,0.7,1.21,2.16,2.86,3.48,4.35,4.6
3/10/2011,0.04,0.08,0.14,0.25,0.65,1.13,2.05,2.74,3.37,4.25,4.53
3/11/2011,0.04,0.08,0.13,0.24,0.64,1.12,2.06,2.76,3.4,4.29,4.54
3/14/2011,0.05,0.09,0.14,0.22,0.61,1.07,2,2.7,3.36,4.25,4.52
3/15/2011,0.07,0.1,0.14,0.23,0.63,1.08,2,2.68,3.33,4.21,4.47
3/16/2011,0.06,0.1,0.14,0.21,0.58,0.98,1.87,2.56,3.22,4.11,4.38
3/17/2011,0.06,0.08,0.14,0.24,0.6,1.02,1.91,2.59,3.25,4.15,4.42
3/18/2011,0.06,0.07,0.14,0.23,0.61,1.05,1.96,2.64,3.28,4.17,4.43
3/21/2011,0.06,0.1,0.16,0.25,0.67,1.12,2.04,2.72,3.34,4.2,4.45
3/22/2011,0.07,0.1,0.16,0.25,0.68,1.14,2.07,2.73,3.34,4.19,4.44
3/23/2011,0.06,0.09,0.15,0.24,0.69,1.13,2.07,2.75,3.36,4.2,4.44
3/24/2011,0.04,0.09,0.17,0.26,0.72,1.19,2.14,2.82,3.42,4.25,4.48
3/25/2011,0.04,0.09,0.18,0.3,0.79,1.26,2.2,2.87,3.46,4.28,4.51
3/28/2011,0.04,0.11,0.18,0.3,0.81,1.29,2.23,2.89,3.47,4.28,4.51
3/29/2011,0.06,0.1,0.17,0.31,0.81,1.31,2.25,2.92,3.5,4.31,4.54
3/30/2011,0.03,0.1,0.17,0.3,0.8,1.28,2.21,2.87,3.47,4.29,4.52
3/31/2011,0.05,0.09,0.17,0.3,0.8,1.29,2.24,2.9,3.47,4.29,4.51
4/1/2011,0.03,0.07,0.15,0.27,0.8,1.31,2.24,2.9,3.46,4.27,4.48
4/4/2011,0.02,0.06,0.13,0.24,0.77,1.24,2.2,2.86,3.45,4.27,4.49
4/5/2011,0.05,0.07,0.15,0.3,0.84,1.33,2.28,2.93,3.5,4.3,4.51
4/6/2011,0.03,0.06,0.14,0.29,0.85,1.36,2.32,2.98,3.56,4.37,4.58
4/7/2011,0.03,0.04,0.12,0.27,0.81,1.31,2.29,2.97,3.58,4.41,4.63
4/8/2011,0.02,0.04,0.12,0.27,0.83,1.34,2.31,2.99,3.59,4.41,4.63
4/11/2011,0.02,0.05,0.12,0.26,0.85,1.35,2.31,2.98,3.59,4.42,4.64
4/12/2011,0.02,0.05,0.11,0.24,0.77,1.28,2.22,2.89,3.52,4.35,4.58
4/13/2011,0.03,0.06,0.11,0.23,0.75,1.26,2.19,2.86,3.49,4.33,4.55
4/14/2011,0.04,0.07,0.13,0.25,0.77,1.27,2.23,2.88,3.51,4.32,4.53
4/15/2011,0.04,0.07,0.12,0.24,0.71,1.2,2.14,2.81,3.43,4.25,4.47
4/18/2011,0.03,0.07,0.11,0.24,0.69,1.14,2.09,2.77,3.4,4.22,4.45
4/19/2011,0.04,0.06,0.11,0.24,0.68,1.13,2.09,2.76,3.39,4.2,4.43
4/20/2011,0.04,0.06,0.11,0.24,0.69,1.17,2.15,2.81,3.43,4.24,4.47
4/21/2011,0.03,0.06,0.11,0.23,0.68,1.16,2.14,2.79,3.42,4.24,4.47
4/25/2011,0.03,0.07,0.12,0.23,0.67,1.13,2.1,2.76,3.39,4.22,4.46
4/26/2011,0.02,0.07,0.11,0.22,0.65,1.09,2.05,2.71,3.34,4.16,4.39
4/27/2011,0.03,0.06,0.11,0.22,0.65,1.09,2.06,2.74,3.39,4.21,4.45
4/28/2011,0.02,0.04,0.1,0.23,0.62,1.03,2,2.69,3.34,4.18,4.42
4/29/2011,0.02,0.04,0.11,0.22,0.61,1.01,1.97,2.66,3.32,4.15,4.4
5/2/2011,0.02,0.05,0.1,0.22,0.61,1.01,1.96,2.66,3.31,4.14,4.38
5/3/2011,0.02,0.03,0.09,0.2,0.61,1.01,1.96,2.64,3.28,4.11,4.36
5/4/2011,0.02,0.03,0.07,0.19,0.6,1,1.95,2.61,3.25,4.08,4.33
5/5/2011,0.01,0.02,0.07,0.2,0.58,0.97,1.88,2.54,3.18,4,4.26
5/6/2011,0.02,0.02,0.07,0.18,0.57,0.96,1.87,2.54,3.19,4.03,4.29
5/9/2011,0.01,0.03,0.07,0.17,0.57,0.94,1.84,2.51,3.17,4.03,4.3
5/10/2011,0.02,0.03,0.07,0.19,0.59,1.03,1.91,2.57,3.23,4.07,4.34
5/11/2011,0.01,0.03,0.07,0.18,0.56,0.96,1.87,2.53,3.19,4.04,4.31
5/12/2011,0.01,0.02,0.07,0.18,0.57,0.98,1.89,2.56,3.22,4.07,4.37
5/13/2011,0.01,0.03,0.08,0.19,0.57,0.96,1.86,2.53,3.18,4.03,4.32
5/16/2011,0.02,0.04,0.07,0.18,0.54,0.93,1.83,2.5,3.15,3.99,4.28
5/17/2011,0.03,0.04,0.07,0.19,0.55,0.91,1.8,2.47,3.12,3.94,4.23
5/18/2011,0.03,0.05,0.08,0.19,0.58,0.97,1.87,2.53,3.18,4,4.29
5/19/2011,0.02,0.05,0.1,0.19,0.55,0.94,1.85,2.53,3.17,4.01,4.3
5/20/2011,0.03,0.05,0.1,0.18,0.55,0.92,1.82,2.5,3.15,4,4.3
5/23/2011,0.03,0.06,0.1,0.2,0.55,0.91,1.8,2.47,3.13,3.97,4.27
5/24/2011,0.04,0.06,0.11,0.2,0.56,0.91,1.81,2.47,3.12,3.96,4.26
5/25/2011,0.04,0.06,0.1,0.18,0.54,0.9,1.81,2.47,3.13,3.99,4.28
5/26/2011,0.04,0.05,0.1,0.18,0.48,0.83,1.72,2.4,3.07,3.93,4.23
5/27/2011,0.04,0.05,0.11,0.18,0.48,0.81,1.71,2.39,3.07,3.94,4.24
5/31/2011,0.04,0.06,0.12,0.18,0.45,0.79,1.68,2.37,3.05,3.91,4.22
6/1/2011,0.04,0.05,0.11,0.18,0.44,0.74,1.6,2.28,2.96,3.83,4.15
6/2/2011,0.04,0.04,0.11,0.19,0.45,0.78,1.65,2.34,3.04,3.92,4.25
6/3/2011,0.04,0.04,0.1,0.18,0.42,0.75,1.6,2.28,2.99,3.9,4.22
6/6/2011,0.03,0.05,0.1,0.18,0.43,0.74,1.6,2.29,3.01,3.92,4.25
6/7/2011,0.01,0.05,0.11,0.18,0.39,0.74,1.59,2.29,3.01,3.94,4.27
6/8/2011,0.01,0.04,0.11,0.18,0.39,0.68,1.52,2.24,2.98,3.88,4.2
6/9/2011,0.02,0.05,0.1,0.19,0.43,0.73,1.6,2.3,3.01,3.91,4.22
6/10/2011,0.02,0.05,0.1,0.19,0.41,0.71,1.58,2.28,2.99,3.87,4.18
6/13/2011,0.02,0.05,0.11,0.18,0.4,0.72,1.59,2.3,3,3.89,4.2
6/14/2011,0.03,0.05,0.11,0.19,0.45,0.79,1.7,2.41,3.11,4,4.3
6/15/2011,0.02,0.05,0.11,0.19,0.38,0.68,1.55,2.26,2.98,3.89,4.19
6/16/2011,0.02,0.05,0.11,0.18,0.38,0.68,1.52,2.22,2.93,3.84,4.16
6/17/2011,0.02,0.04,0.1,0.17,0.38,0.68,1.53,2.23,2.94,3.86,4.19
6/20/2011,0.02,0.03,0.1,0.18,0.38,0.68,1.55,2.25,2.97,3.87,4.19
6/21/2011,0.01,0.03,0.1,0.18,0.4,0.69,1.57,2.27,2.99,3.9,4.21
6/22/2011,0.01,0.02,0.09,0.16,0.39,0.68,1.58,2.29,3.01,3.91,4.22
6/23/2011,0.01,0.01,0.07,0.15,0.35,0.62,1.48,2.19,2.93,3.84,4.17
6/24/2011,0.01,0.02,0.07,0.16,0.35,0.57,1.4,2.13,2.88,3.83,4.17
6/27/2011,0.01,0.02,0.1,0.18,0.41,0.64,1.47,2.19,2.95,3.94,4.28
6/28/2011,0.01,0.03,0.11,0.21,0.48,0.75,1.62,2.33,3.05,4.01,4.33
6/29/2011,0.01,0.02,0.11,0.19,0.47,0.79,1.7,2.44,3.14,4.08,4.39
6/30/2011,0.01,0.03,0.1,0.19,0.45,0.81,1.76,2.5,3.18,4.09,4.38
7/1/2011,0.01,0.02,0.1,0.2,0.5,0.85,1.8,2.54,3.22,4.12,4.4
7/5/2011,0.01,0.02,0.08,0.19,0.44,0.77,1.7,2.46,3.16,4.09,4.39
7/6/2011,0.01,0.01,0.06,0.19,0.43,0.75,1.66,2.41,3.12,4.05,4.35
7/7/2011,0.03,0.03,0.07,0.2,0.49,0.83,1.74,2.48,3.17,4.08,4.37
7/8/2011,0.03,0.03,0.07,0.17,0.4,0.7,1.57,2.32,3.03,3.97,4.27
7/11/2011,0.02,0.03,0.07,0.17,0.37,0.64,1.49,2.22,2.94,3.88,4.2
7/12/2011,0.01,0.03,0.07,0.18,0.37,0.63,1.47,2.2,2.92,3.86,4.19
7/13/2011,0.01,0.01,0.05,0.16,0.37,0.62,1.45,2.18,2.92,3.85,4.17
7/14/2011,0.01,0.01,0.05,0.15,0.38,0.66,1.51,2.24,2.98,3.92,4.25
7/15/2011,0.02,0.02,0.05,0.15,0.37,0.62,1.46,2.19,2.94,3.92,4.26
7/18/2011,0.01,0.02,0.06,0.15,0.37,0.62,1.45,2.18,2.94,3.95,4.29
7/19/2011,0.02,0.03,0.07,0.17,0.39,0.63,1.45,2.17,2.91,3.86,4.19
7/20/2011,0.01,0.02,0.08,0.19,0.4,0.64,1.49,2.22,2.96,3.92,4.25
7/21/2011,0.04,0.05,0.09,0.2,0.4,0.69,1.56,2.3,3.03,3.98,4.31
7/22/2011,0.05,0.05,0.09,0.2,0.4,0.66,1.53,2.26,2.99,3.93,4.26
7/25/2011,0.05,0.05,0.1,0.2,0.42,0.69,1.55,2.29,3.03,3.98,4.31
7/26/2011,0.07,0.07,0.11,0.21,0.41,0.66,1.51,2.25,2.99,3.94,4.28
7/27/2011,0.08,0.08,0.12,0.21,0.44,0.71,1.56,2.28,3.01,3.95,4.29
7/28/2011,0.1,0.07,0.13,0.21,0.42,0.68,1.52,2.26,2.98,3.93,4.26
7/29/2011,0.16,0.1,0.16,0.2,0.36,0.55,1.35,2.09,2.82,3.77,4.12
8/1/2011,0.13,0.1,0.16,0.22,0.38,0.55,1.32,2.05,2.77,3.72,4.07
8/2/2011,0.05,0.06,0.13,0.17,0.33,0.5,1.23,1.94,2.66,3.59,3.93
8/3/2011,0.01,0.02,0.08,0.16,0.33,0.52,1.25,1.94,2.64,3.55,3.89
8/4/2011,0.01,0.02,0.05,0.12,0.27,0.44,1.12,1.78,2.47,3.37,3.7
8/5/2011,0.01,0.01,0.05,0.11,0.28,0.49,1.23,1.91,2.58,3.49,3.82
8/8/2011,0.02,0.05,0.07,0.12,0.27,0.45,1.11,1.75,2.4,3.31,3.68
8/9/2011,0.02,0.03,0.06,0.11,0.19,0.33,0.91,1.53,2.2,3.17,3.56
8/10/2011,0.02,0.02,0.06,0.09,0.19,0.33,0.93,1.52,2.17,3.08,3.54
8/11/2011,0.01,0.03,0.08,0.1,0.19,0.34,1.02,1.65,2.34,3.34,3.82
8/12/2011,0.01,0.02,0.07,0.11,0.2,0.32,0.96,1.56,2.24,3.24,3.72
8/15/2011,0,0.02,0.08,0.12,0.19,0.34,0.99,1.6,2.29,3.29,3.75
8/16/2011,0.02,0.03,0.07,0.12,0.2,0.33,0.95,1.54,2.23,3.23,3.67
8/17/2011,0.01,0.01,0.06,0.12,0.19,0.33,0.92,1.48,2.17,3.14,3.57
8/18/2011,0.01,0.01,0.05,0.1,0.2,0.33,0.9,1.43,2.08,3.02,3.45
8/19/2011,0,0.02,0.04,0.1,0.2,0.34,0.9,1.43,2.07,2.97,3.39
8/22/2011,0.01,0.01,0.04,0.09,0.22,0.37,0.94,1.47,2.1,3,3.42
8/23/2011,0.01,0.01,0.04,0.1,0.22,0.38,0.95,1.5,2.15,3.06,3.47
8/24/2011,0.02,0.02,0.04,0.11,0.23,0.41,1.05,1.62,2.29,3.23,3.63
8/25/2011,0.01,0.01,0.03,0.1,0.22,0.37,0.98,1.57,2.23,3.17,3.6
8/26/2011,0,0.01,0.02,0.09,0.2,0.33,0.94,1.52,2.19,3.13,3.54
8/29/2011,0,0.02,0.05,0.09,0.2,0.35,0.99,1.6,2.28,3.22,3.63
8/30/2011,0.01,0.01,0.05,0.09,0.2,0.33,0.94,1.52,2.19,3.12,3.53
8/31/2011,0.01,0.02,0.05,0.1,0.2,0.33,0.96,1.56,2.23,3.19,3.6
9/1/2011,0.02,0.02,0.05,0.1,0.19,0.31,0.9,1.49,2.15,3.1,3.51
9/2/2011,0.02,0.02,0.05,0.1,0.2,0.33,0.88,1.41,2.02,2.92,3.32
9/6/2011,0.02,0.02,0.07,0.13,0.21,0.33,0.88,1.4,1.98,2.86,3.26
9/7/2011,0,0.02,0.06,0.11,0.21,0.34,0.92,1.45,2.05,2.96,3.36
9/8/2011,0.01,0.02,0.07,0.12,0.19,0.33,0.88,1.41,2,2.92,3.32
9/9/2011,0,0.01,0.05,0.11,0.17,0.31,0.81,1.34,1.93,2.86,3.26
9/12/2011,0.01,0.01,0.05,0.11,0.21,0.35,0.87,1.38,1.94,2.84,3.24
9/13/2011,0,0.01,0.05,0.1,0.21,0.35,0.89,1.42,2,2.92,3.32
9/14/2011,0,0.01,0.03,0.09,0.19,0.35,0.91,1.45,2.03,2.92,3.32
9/15/2011,0,0.01,0.03,0.1,0.21,0.35,0.95,1.51,2.09,2.97,3.36
9/16/2011,0.01,0.01,0.02,0.09,0.18,0.33,0.94,1.5,2.08,2.96,3.34
9/19/2011,0,0.01,0.04,0.08,0.16,0.29,0.85,1.4,1.97,2.84,3.22
9/20/2011,0,0.01,0.03,0.09,0.18,0.3,0.85,1.39,1.95,2.82,3.2
9/21/2011,0.01,0.01,0.04,0.11,0.21,0.37,0.88,1.36,1.88,2.69,3.03
9/22/2011,0,0,0.03,0.1,0.2,0.34,0.79,1.24,1.72,2.48,2.78
9/23/2011,0,0.01,0.02,0.1,0.23,0.37,0.89,1.35,1.84,2.59,2.89
9/26/2011,0,0.02,0.03,0.1,0.25,0.39,0.92,1.41,1.91,2.69,2.99
9/27/2011,0,0.01,0.04,0.1,0.25,0.42,0.97,1.49,2,2.79,3.08
9/28/2011,0,0.02,0.04,0.12,0.27,0.42,0.99,1.5,2.03,2.82,3.1
9/29/2011,0,0.02,0.05,0.11,0.27,0.43,0.98,1.48,1.99,2.76,3.03
9/30/2011,0.02,0.02,0.06,0.13,0.25,0.42,0.96,1.43,1.92,2.66,2.9
10/3/2011,0.01,0.02,0.06,0.12,0.24,0.39,0.87,1.33,1.8,2.51,2.76
10/4/2011,0.01,0.01,0.04,0.11,0.25,0.4,0.9,1.35,1.81,2.53,2.77
10/5/2011,0,0,0.03,0.1,0.25,0.43,0.96,1.45,1.92,2.62,2.87
10/6/2011,0.01,0.01,0.03,0.09,0.29,0.46,1.01,1.52,2.01,2.71,2.96
10/7/2011,0.01,0.01,0.04,0.11,0.3,0.5,1.08,1.61,2.1,2.78,3.02
10/11/2011,0.01,0.02,0.05,0.12,0.32,0.54,1.14,1.68,2.18,2.87,3.11
10/12/2011,0.01,0.02,0.06,0.09,0.29,0.54,1.17,1.72,2.24,2.94,3.19
10/13/2011,0.02,0.02,0.05,0.11,0.29,0.51,1.11,1.67,2.19,2.9,3.15
10/14/2011,0.02,0.02,0.06,0.11,0.28,0.5,1.12,1.71,2.26,2.97,3.22
10/17/2011,0.02,0.04,0.06,0.12,0.28,0.48,1.08,1.65,2.18,2.88,3.13
10/18/2011,0.02,0.04,0.07,0.12,0.28,0.47,1.07,1.64,2.19,2.91,3.17
10/19/2011,0.01,0.03,0.06,0.11,0.28,0.46,1.05,1.62,2.18,2.9,3.17
10/20/2011,0.02,0.03,0.06,0.12,0.28,0.46,1.07,1.64,2.2,2.92,3.19
10/21/2011,0.01,0.02,0.05,0.12,0.3,0.46,1.08,1.66,2.23,2.98,3.26
10/24/2011,0.01,0.02,0.06,0.11,0.3,0.47,1.1,1.7,2.25,3,3.27
10/25/2011,0.01,0.01,0.06,0.11,0.26,0.43,1.01,1.6,2.14,2.86,3.13
10/26/2011,0.01,0.02,0.06,0.13,0.28,0.48,1.09,1.68,2.23,2.95,3.22
10/27/2011,0.02,0.02,0.07,0.14,0.31,0.53,1.2,1.83,2.42,3.18,3.45
10/28/2011,0.02,0.01,0.06,0.13,0.28,0.5,1.13,1.74,2.34,3.09,3.36
10/31/2011,0.02,0.01,0.06,0.12,0.25,0.41,0.99,1.58,2.17,2.89,3.16
11/1/2011,0.01,0.01,0.05,0.13,0.23,0.38,0.9,1.45,2.01,2.73,2.99
11/2/2011,0.01,0.01,0.04,0.11,0.23,0.37,0.89,1.44,2.03,2.75,3.03
11/3/2011,0.01,0.01,0.04,0.11,0.24,0.39,0.91,1.48,2.09,2.83,3.1
11/4/2011,0.01,0.01,0.03,0.11,0.22,0.37,0.88,1.45,2.06,2.81,3.09
11/7/2011,0.01,0.01,0.04,0.09,0.25,0.38,0.88,1.44,2.04,2.77,3.05
11/8/2011,0.01,0.01,0.03,0.1,0.25,0.39,0.92,1.5,2.1,2.84,3.13
11/9/2011,0.01,0.01,0.04,0.1,0.24,0.37,0.88,1.41,2,2.73,3.03
11/10/2011,0.01,0.01,0.03,0.1,0.24,0.38,0.9,1.45,2.04,2.8,3.12
11/14/2011,0.01,0.01,0.04,0.09,0.24,0.39,0.91,1.46,2.04,2.77,3.09
11/15/2011,0.01,0.01,0.05,0.11,0.26,0.4,0.93,1.48,2.06,2.79,3.1
11/16/2011,0.01,0.01,0.04,0.11,0.26,0.4,0.9,1.44,2.01,2.73,3.05
11/17/2011,0.01,0.02,0.04,0.1,0.27,0.4,0.88,1.41,1.96,2.66,2.98
11/18/2011,0.02,0.01,0.04,0.12,0.29,0.43,0.94,1.48,2.01,2.69,2.99
11/21/2011,0.02,0.02,0.05,0.11,0.27,0.41,0.92,1.45,1.97,2.65,2.96
11/22/2011,0.02,0.02,0.06,0.11,0.26,0.4,0.91,1.42,1.94,2.6,2.91
11/23/2011,0.02,0.02,0.06,0.12,0.26,0.4,0.88,1.38,1.89,2.53,2.82
11/25/2011,0.02,0.02,0.07,0.13,0.28,0.41,0.93,1.45,1.97,2.62,2.92
11/28/2011,0.02,0.03,0.07,0.13,0.26,0.39,0.91,1.44,1.97,2.63,2.93
11/29/2011,0.02,0.02,0.05,0.14,0.27,0.4,0.93,1.48,2,2.66,2.96
11/30/2011,0.02,0.01,0.06,0.12,0.25,0.41,0.96,1.53,2.08,2.77,3.06
12/1/2011,0.02,0.01,0.05,0.12,0.27,0.41,0.97,1.55,2.11,2.82,3.12
12/2/2011,0.02,0.02,0.06,0.12,0.25,0.39,0.92,1.49,2.05,2.74,3.03
12/5/2011,0.01,0.01,0.05,0.11,0.27,0.4,0.93,1.49,2.04,2.73,3.02
12/6/2011,0,0.01,0.04,0.11,0.25,0.41,0.94,1.52,2.08,2.74,3.09
12/7/2011,0,0.02,0.05,0.11,0.24,0.36,0.89,1.46,2.02,2.74,3.04
12/8/2011,0,0.01,0.04,0.1,0.22,0.35,0.86,1.41,1.99,2.7,3
12/9/2011,0,0.01,0.05,0.11,0.22,0.37,0.89,1.48,2.07,2.79,3.1
12/12/2011,0,0.01,0.05,0.1,0.24,0.36,0.87,1.45,2.03,2.75,3.06
12/13/2011,0,0.01,0.06,0.11,0.24,0.35,0.85,1.4,1.96,2.66,2.98
12/14/2011,0,0.01,0.05,0.12,0.25,0.36,0.86,1.38,1.92,2.59,2.91
12/15/2011,0,0,0.05,0.12,0.26,0.37,0.86,1.38,1.92,2.6,2.92
12/16/2011,0,0,0.04,0.11,0.24,0.35,0.81,1.32,1.86,2.54,2.86
12/19/2011,0,0.01,0.04,0.11,0.24,0.36,0.82,1.3,1.82,2.48,2.79
12/20/2011,0,0.01,0.04,0.12,0.26,0.39,0.88,1.39,1.94,2.61,2.93
12/21/2011,0,0.01,0.04,0.13,0.28,0.4,0.91,1.44,1.98,2.67,3
12/22/2011,0,0.01,0.03,0.12,0.28,0.41,0.91,1.43,1.97,2.67,2.99
12/23/2011,0,0.01,0.04,0.12,0.28,0.45,0.97,1.49,2.03,2.73,3.05
12/27/2011,0.01,0.02,0.06,0.12,0.3,0.45,0.96,1.49,2.02,2.72,3.04
12/28/2011,0,0.01,0.05,0.12,0.28,0.42,0.91,1.41,1.93,2.59,2.91
12/29/2011,0,0.02,0.07,0.12,0.28,0.41,0.88,1.38,1.91,2.58,2.9
12/30/2011,0.01,0.02,0.06,0.12,0.25,0.36,0.83,1.35,1.89,2.57,2.89
1/3/2012,0.01,0.02,0.06,0.12,0.27,0.4,0.89,1.41,1.97,2.67,2.98
1/4/2012,0.01,0.02,0.06,0.12,0.25,0.4,0.89,1.43,2,2.71,3.03
1/5/2012,0.01,0.02,0.07,0.11,0.27,0.4,0.88,1.43,2.02,2.74,3.06
1/6/2012,0.02,0.02,0.05,0.12,0.25,0.4,0.86,1.4,1.98,2.7,3.02
1/9/2012,0.01,0.01,0.05,0.11,0.26,0.38,0.85,1.39,1.98,2.7,3.02
1/10/2012,0.01,0.02,0.05,0.11,0.24,0.37,0.86,1.41,2,2.71,3.04
1/11/2012,0.01,0.02,0.05,0.11,0.24,0.34,0.82,1.34,1.93,2.63,2.96
1/12/2012,0.02,0.03,0.06,0.11,0.22,0.35,0.84,1.37,1.94,2.65,2.97
1/13/2012,0.02,0.03,0.06,0.1,0.24,0.34,0.8,1.32,1.89,2.59,2.91
1/17/2012,0.02,0.03,0.06,0.11,0.21,0.33,0.79,1.31,1.87,2.57,2.89
1/18/2012,0.02,0.03,0.07,0.11,0.24,0.35,0.82,1.34,1.92,2.63,2.96
1/19/2012,0.04,0.05,0.07,0.11,0.26,0.36,0.87,1.43,2.01,2.72,3.05
1/20/2012,0.03,0.05,0.07,0.11,0.26,0.38,0.91,1.47,2.05,2.78,3.1
1/23/2012,0.03,0.04,0.07,0.12,0.26,0.39,0.93,1.51,2.09,2.82,3.15
1/24/2012,0.02,0.04,0.07,0.12,0.24,0.39,0.92,1.49,2.08,2.82,3.15
1/25/2012,0.03,0.04,0.07,0.12,0.22,0.34,0.81,1.4,2.01,2.78,3.13
1/26/2012,0.04,0.05,0.08,0.12,0.22,0.31,0.77,1.34,1.96,2.74,3.1
1/27/2012,0.05,0.06,0.08,0.12,0.22,0.32,0.75,1.31,1.93,2.71,3.07
1/30/2012,0.05,0.05,0.08,0.12,0.22,0.31,0.73,1.27,1.87,2.64,2.99
1/31/2012,0.04,0.06,0.08,0.13,0.22,0.3,0.71,1.24,1.83,2.59,2.94
2/1/2012,0.05,0.06,0.09,0.13,0.23,0.31,0.72,1.27,1.87,2.65,3.01
2/2/2012,0.07,0.08,0.1,0.14,0.23,0.31,0.71,1.25,1.86,2.64,3.01
2/3/2012,0.06,0.08,0.1,0.14,0.23,0.33,0.78,1.35,1.97,2.76,3.13
2/6/2012,0.04,0.08,0.1,0.14,0.24,0.32,0.76,1.32,1.93,2.71,3.08
2/7/2012,0.06,0.08,0.11,0.14,0.25,0.35,0.82,1.39,2,2.78,3.14
2/8/2012,0.06,0.09,0.11,0.15,0.27,0.35,0.82,1.39,2.01,2.78,3.14
2/9/2012,0.06,0.09,0.12,0.15,0.27,0.38,0.86,1.43,2.04,2.83,3.2
2/10/2012,0.05,0.09,0.12,0.15,0.27,0.36,0.81,1.36,1.96,2.75,3.11
2/13/2012,0.06,0.11,0.14,0.15,0.29,0.4,0.85,1.4,1.99,2.78,3.14
2/14/2012,0.09,0.12,0.15,0.18,0.29,0.4,0.81,1.34,1.92,2.7,3.06
2/15/2012,0.09,0.11,0.13,0.18,0.29,0.38,0.81,1.34,1.93,2.72,3.09
2/16/2012,0.04,0.1,0.13,0.17,0.29,0.42,0.87,1.41,1.99,2.78,3.14
2/17/2012,0.03,0.09,0.13,0.18,0.29,0.42,0.88,1.43,2.01,2.8,3.16
2/21/2012,0.03,0.08,0.13,0.17,0.31,0.44,0.92,1.47,2.05,2.84,3.2
2/22/2012,0.07,0.09,0.13,0.17,0.29,0.42,0.88,1.41,2.01,2.79,3.15
2/23/2012,0.07,0.09,0.14,0.17,0.31,0.43,0.88,1.4,1.99,2.77,3.13
2/24/2012,0.08,0.1,0.14,0.18,0.31,0.43,0.89,1.41,1.98,2.75,3.1
2/27/2012,0.08,0.12,0.14,0.17,0.3,0.4,0.84,1.35,1.92,2.69,3.04
2/28/2012,0.1,0.1,0.14,0.18,0.3,0.41,0.84,1.36,1.94,2.71,3.07
2/29/2012,0.08,0.08,0.13,0.18,0.3,0.43,0.87,1.39,1.98,2.73,3.08
3/1/2012,0.07,0.08,0.13,0.18,0.3,0.43,0.89,1.44,2.03,2.8,3.15
3/2/2012,0.06,0.07,0.12,0.17,0.28,0.41,0.84,1.38,1.99,2.77,3.11
3/5/2012,0.07,0.08,0.14,0.17,0.31,0.43,0.87,1.4,2,2.78,3.13
3/6/2012,0.06,0.08,0.13,0.17,0.3,0.4,0.83,1.35,1.96,2.73,3.08
3/7/2012,0.06,0.08,0.14,0.18,0.3,0.42,0.85,1.37,1.98,2.76,3.12
3/8/2012,0.07,0.08,0.14,0.18,0.32,0.44,0.89,1.41,2.03,2.82,3.18
3/9/2012,0.06,0.09,0.13,0.18,0.33,0.46,0.9,1.43,2.04,2.83,3.19
3/12/2012,0.05,0.09,0.15,0.18,0.33,0.47,0.92,1.43,2.04,2.82,3.17
3/13/2012,0.06,0.08,0.15,0.2,0.35,0.51,0.99,1.52,2.14,2.92,3.26
3/14/2012,0.08,0.09,0.15,0.21,0.4,0.6,1.13,1.69,2.29,3.08,3.43
3/15/2012,0.08,0.08,0.15,0.21,0.37,0.56,1.11,1.67,2.29,3.08,3.41
3/16/2012,0.07,0.09,0.15,0.21,0.37,0.57,1.13,1.7,2.31,3.08,3.41
3/19/2012,0.07,0.1,0.15,0.21,0.39,0.6,1.2,1.77,2.39,3.14,3.48
3/20/2012,0.08,0.1,0.15,0.22,0.41,0.62,1.22,1.78,2.38,3.13,3.46
3/21/2012,0.09,0.09,0.15,0.21,0.39,0.58,1.15,1.71,2.31,3.06,3.38
3/22/2012,0.06,0.08,0.14,0.19,0.37,0.56,1.13,1.69,2.29,3.04,3.37
3/23/2012,0.06,0.08,0.14,0.19,0.37,0.55,1.1,1.66,2.25,2.99,3.31
3/26/2012,0.06,0.09,0.15,0.19,0.36,0.54,1.09,1.65,2.26,3,3.33
3/27/2012,0.07,0.09,0.14,0.18,0.33,0.5,1.04,1.59,2.2,2.96,3.29
3/28/2012,0.05,0.09,0.14,0.18,0.34,0.51,1.05,1.6,2.21,2.97,3.31
3/29/2012,0.02,0.07,0.14,0.18,0.33,0.5,1.01,1.57,2.18,2.93,3.27
3/30/2012,0.05,0.07,0.15,0.19,0.33,0.51,1.04,1.61,2.23,3,3.35
4/2/2012,0.05,0.08,0.14,0.18,0.33,0.5,1.03,1.6,2.22,3,3.35
4/3/2012,0.07,0.08,0.15,0.2,0.36,0.56,1.1,1.68,2.3,3.07,3.41
4/4/2012,0.08,0.08,0.14,0.19,0.35,0.53,1.05,1.62,2.25,3.02,3.37
4/5/2012,0.07,0.08,0.14,0.19,0.35,0.5,1.01,1.56,2.19,2.97,3.32
4/6/2012,0.06,0.07,0.14,0.19,0.32,0.45,0.89,1.42,2.07,2.85,3.21
4/9/2012,0.07,0.09,0.15,0.19,0.32,0.46,0.9,1.42,2.06,2.82,3.18
4/10/2012,0.08,0.09,0.15,0.19,0.28,0.42,0.85,1.37,2.01,2.77,3.13
4/11/2012,0.08,0.09,0.14,0.18,0.3,0.43,0.89,1.41,2.05,2.82,3.18
4/12/2012,0.08,0.09,0.14,0.18,0.29,0.43,0.9,1.44,2.08,2.85,3.22
4/13/2012,0.07,0.09,0.13,0.17,0.27,0.41,0.86,1.39,2.02,2.77,3.14
4/16/2012,0.07,0.08,0.14,0.18,0.27,0.42,0.85,1.37,2,2.75,3.12
4/17/2012,0.07,0.08,0.13,0.18,0.27,0.42,0.88,1.4,2.03,2.79,3.15
4/18/2012,0.05,0.07,0.13,0.18,0.27,0.4,0.86,1.38,2,2.76,3.13
4/19/2012,0.04,0.07,0.12,0.17,0.27,0.4,0.84,1.37,1.98,2.74,3.12
4/20/2012,0.04,0.08,0.13,0.18,0.29,0.4,0.86,1.38,1.99,2.75,3.12
4/23/2012,0.04,0.08,0.13,0.17,0.27,0.39,0.83,1.34,1.96,2.71,3.08
4/24/2012,0.07,0.09,0.14,0.18,0.27,0.4,0.86,1.37,2,2.75,3.12
4/25/2012,0.08,0.09,0.14,0.18,0.26,0.39,0.86,1.38,2.01,2.76,3.15
4/26/2012,0.09,0.09,0.15,0.18,0.26,0.39,0.83,1.36,1.98,2.74,3.13
4/27/2012,0.07,0.09,0.14,0.19,0.26,0.39,0.82,1.34,1.96,2.73,3.12
4/30/2012,0.07,0.1,0.15,0.2,0.27,0.38,0.82,1.33,1.95,2.73,3.12
5/1/2012,0.07,0.09,0.15,0.19,0.27,0.39,0.84,1.35,1.98,2.76,3.16
5/2/2012,0.06,0.08,0.15,0.18,0.27,0.39,0.82,1.33,1.96,2.72,3.11
5/3/2012,0.05,0.09,0.15,0.19,0.28,0.4,0.82,1.34,1.96,2.72,3.12
5/4/2012,0.05,0.07,0.14,0.18,0.27,0.37,0.78,1.28,1.91,2.67,3.07
5/7/2012,0.06,0.1,0.15,0.18,0.27,0.37,0.79,1.29,1.92,2.67,3.07
5/8/2012,0.08,0.09,0.15,0.18,0.27,0.36,0.77,1.26,1.88,2.63,3.03
5/9/2012,0.07,0.09,0.15,0.18,0.27,0.36,0.77,1.26,1.87,2.63,3.03
5/10/2012,0.08,0.1,0.15,0.18,0.27,0.37,0.79,1.28,1.89,2.64,3.07
5/11/2012,0.07,0.1,0.15,0.18,0.27,0.36,0.75,1.24,1.84,2.59,3.02
5/14/2012,0.07,0.1,0.15,0.19,0.29,0.37,0.73,1.2,1.78,2.53,2.95
5/15/2012,0.08,0.09,0.15,0.19,0.29,0.38,0.74,1.19,1.76,2.5,2.91
5/16/2012,0.08,0.1,0.15,0.2,0.3,0.4,0.75,1.19,1.76,2.48,2.9
5/17/2012,0.08,0.1,0.16,0.2,0.32,0.4,0.74,1.16,1.7,2.39,2.8
5/18/2012,0.06,0.08,0.15,0.2,0.32,0.42,0.75,1.16,1.71,2.4,2.8
5/21/2012,0.06,0.09,0.14,0.21,0.3,0.41,0.75,1.18,1.75,2.42,2.8
5/22/2012,0.07,0.09,0.14,0.21,0.3,0.41,0.78,1.2,1.79,2.48,2.88
5/23/2012,0.07,0.09,0.13,0.2,0.28,0.4,0.74,1.15,1.73,2.41,2.81
5/24/2012,0.08,0.1,0.14,0.21,0.29,0.42,0.77,1.2,1.77,2.46,2.86
5/25/2012,0.07,0.09,0.14,0.2,0.3,0.41,0.76,1.17,1.75,2.44,2.85
5/29/2012,0.06,0.09,0.14,0.2,0.3,0.42,0.76,1.17,1.74,2.44,2.85
5/30/2012,0.05,0.07,0.13,0.19,0.27,0.38,0.69,1.06,1.63,2.32,2.72
5/31/2012,0.03,0.07,0.14,0.18,0.27,0.35,0.67,1.03,1.59,2.27,2.67
6/1/2012,0.03,0.07,0.12,0.17,0.25,0.34,0.62,0.93,1.47,2.13,2.53
6/4/2012,0.04,0.08,0.13,0.18,0.25,0.35,0.68,1.01,1.53,2.17,2.56
6/5/2012,0.05,0.08,0.14,0.18,0.25,0.34,0.68,1.04,1.57,2.23,2.63
6/6/2012,0.05,0.09,0.13,0.18,0.26,0.37,0.73,1.11,1.66,2.34,2.73
6/7/2012,0.04,0.09,0.14,0.18,0.27,0.37,0.72,1.1,1.66,2.35,2.75
6/8/2012,0.04,0.09,0.14,0.19,0.28,0.39,0.71,1.09,1.65,2.36,2.77
6/11/2012,0.05,0.09,0.15,0.18,0.27,0.37,0.69,1.05,1.6,2.3,2.71
6/12/2012,0.06,0.1,0.15,0.19,0.3,0.41,0.75,1.12,1.67,2.37,2.77
6/13/2012,0.07,0.1,0.15,0.18,0.3,0.4,0.71,1.06,1.61,2.3,2.7
6/14/2012,0.08,0.11,0.15,0.18,0.3,0.41,0.73,1.1,1.64,2.33,2.73
6/15/2012,0.05,0.09,0.15,0.18,0.29,0.37,0.68,1.06,1.6,2.3,2.7
6/18/2012,0.06,0.1,0.15,0.18,0.29,0.38,0.69,1.06,1.59,2.28,2.67
6/19/2012,0.06,0.09,0.14,0.18,0.3,0.39,0.71,1.09,1.64,2.33,2.73
6/20/2012,0.06,0.09,0.16,0.2,0.32,0.41,0.74,1.12,1.65,2.34,2.72
6/21/2012,0.05,0.09,0.15,0.19,0.32,0.41,0.73,1.1,1.63,2.3,2.68
6/22/2012,0.05,0.09,0.15,0.19,0.31,0.42,0.76,1.15,1.69,2.37,2.75
6/25/2012,0.06,0.1,0.16,0.19,0.31,0.39,0.72,1.1,1.63,2.31,2.69
6/26/2012,0.07,0.1,0.15,0.21,0.31,0.42,0.75,1.12,1.66,2.34,2.71
6/27/2012,0.06,0.09,0.17,0.21,0.31,0.42,0.73,1.1,1.65,2.32,2.7
6/28/2012,0.02,0.09,0.17,0.22,0.31,0.4,0.69,1.06,1.6,2.28,2.67
6/29/2012,0.04,0.09,0.16,0.21,0.33,0.41,0.72,1.11,1.67,2.38,2.76
7/2/2012,0.06,0.1,0.15,0.21,0.3,0.39,0.67,1.04,1.61,2.3,2.69
7/3/2012,0.08,0.09,0.15,0.21,0.3,0.39,0.69,1.08,1.65,2.36,2.74
7/5/2012,0.07,0.08,0.15,0.19,0.28,0.39,0.68,1.05,1.62,2.34,2.72
7/6/2012,0.06,0.08,0.15,0.2,0.27,0.37,0.64,1.01,1.57,2.28,2.66
7/9/2012,0.06,0.09,0.14,0.2,0.27,0.36,0.63,0.98,1.53,2.24,2.62
7/10/2012,0.07,0.09,0.15,0.2,0.27,0.37,0.63,0.98,1.53,2.22,2.6
7/11/2012,0.07,0.1,0.15,0.2,0.27,0.36,0.64,0.99,1.54,2.22,2.6
7/12/2012,0.08,0.1,0.15,0.2,0.25,0.35,0.63,0.98,1.5,2.18,2.57
7/13/2012,0.08,0.1,0.15,0.2,0.25,0.34,0.63,0.99,1.52,2.2,2.58
7/16/2012,0.04,0.1,0.14,0.18,0.24,0.31,0.6,0.97,1.5,2.18,2.56
7/17/2012,0.08,0.1,0.14,0.18,0.25,0.32,0.62,0.99,1.53,2.22,2.59
7/18/2012,0.07,0.09,0.14,0.18,0.22,0.3,0.6,0.97,1.52,2.21,2.59
7/19/2012,0.06,0.09,0.14,0.17,0.22,0.31,0.62,0.99,1.54,2.24,2.61
7/20/2012,0.07,0.09,0.14,0.17,0.22,0.29,0.59,0.95,1.49,2.17,2.55
7/23/2012,0.07,0.1,0.14,0.17,0.22,0.28,0.57,0.93,1.47,2.15,2.52
7/24/2012,0.08,0.1,0.15,0.18,0.22,0.28,0.57,0.91,1.44,2.11,2.47
7/25/2012,0.08,0.1,0.14,0.17,0.22,0.28,0.56,0.91,1.43,2.11,2.46
7/26/2012,0.08,0.11,0.15,0.18,0.23,0.31,0.58,0.94,1.45,2.13,2.49
7/27/2012,0.07,0.11,0.15,0.17,0.25,0.34,0.65,1.04,1.58,2.27,2.63
7/30/2012,0.06,0.11,0.15,0.18,0.23,0.31,0.61,0.99,1.53,2.22,2.58
7/31/2012,0.07,0.11,0.14,0.16,0.23,0.3,0.6,0.98,1.51,2.21,2.56
8/1/2012,0.07,0.1,0.14,0.17,0.24,0.32,0.63,1.03,1.56,2.25,2.6
8/2/2012,0.04,0.09,0.14,0.17,0.24,0.31,0.61,0.98,1.51,2.2,2.55
8/3/2012,0.03,0.09,0.14,0.16,0.24,0.33,0.67,1.07,1.6,2.3,2.65
8/6/2012,0.05,0.1,0.14,0.16,0.24,0.33,0.65,1.05,1.59,2.29,2.65
8/7/2012,0.09,0.11,0.14,0.19,0.27,0.37,0.71,1.13,1.66,2.37,2.72
8/8/2012,0.09,0.11,0.14,0.19,0.29,0.38,0.73,1.14,1.68,2.39,2.75
8/9/2012,0.1,0.11,0.15,0.2,0.29,0.38,0.74,1.15,1.69,2.4,2.78
8/10/2012,0.1,0.1,0.14,0.18,0.27,0.36,0.71,1.11,1.65,2.37,2.74
8/13/2012,0.1,0.11,0.15,0.19,0.27,0.36,0.71,1.12,1.65,2.37,2.74
8/14/2012,0.11,0.11,0.15,0.19,0.27,0.39,0.75,1.18,1.73,2.45,2.82
8/15/2012,0.11,0.09,0.14,0.19,0.27,0.42,0.8,1.25,1.8,2.53,2.9
8/16/2012,0.1,0.09,0.14,0.2,0.29,0.42,0.83,1.28,1.83,2.57,2.96
8/17/2012,0.09,0.09,0.14,0.2,0.29,0.42,0.81,1.27,1.81,2.55,2.93
8/20/2012,0.09,0.11,0.14,0.19,0.29,0.41,0.8,1.26,1.82,2.55,2.93
8/21/2012,0.1,0.11,0.14,0.2,0.31,0.42,0.8,1.25,1.8,2.53,2.9
8/22/2012,0.1,0.11,0.13,0.19,0.26,0.37,0.71,1.16,1.71,2.44,2.82
8/23/2012,0.1,0.11,0.13,0.19,0.26,0.36,0.71,1.13,1.68,2.41,2.79
8/24/2012,0.1,0.1,0.13,0.19,0.28,0.37,0.72,1.14,1.68,2.41,2.79
8/27/2012,0.1,0.11,0.14,0.18,0.28,0.37,0.7,1.11,1.65,2.38,2.76
8/28/2012,0.12,0.1,0.15,0.18,0.27,0.36,0.69,1.1,1.64,2.36,2.75
8/29/2012,0.12,0.12,0.14,0.18,0.27,0.36,0.69,1.11,1.66,2.38,2.77
8/30/2012,0.12,0.1,0.14,0.17,0.27,0.35,0.66,1.08,1.63,2.36,2.75
8/31/2012,0.09,0.09,0.14,0.16,0.22,0.3,0.59,1.01,1.57,2.29,2.68
9/4/2012,0.1,0.1,0.14,0.16,0.23,0.31,0.62,1.03,1.59,2.3,2.69
9/5/2012,0.11,0.11,0.14,0.17,0.25,0.32,0.62,1.04,1.6,2.32,2.7
9/6/2012,0.1,0.11,0.14,0.18,0.27,0.34,0.68,1.12,1.68,2.41,2.8
9/7/2012,0.09,0.11,0.14,0.18,0.25,0.33,0.64,1.09,1.67,2.42,2.81
9/10/2012,0.09,0.1,0.14,0.18,0.25,0.33,0.66,1.1,1.68,2.43,2.83
9/11/2012,0.09,0.1,0.14,0.18,0.25,0.33,0.67,1.12,1.7,2.44,2.84
9/12/2012,0.09,0.1,0.13,0.18,0.25,0.33,0.7,1.17,1.77,2.52,2.92
9/13/2012,0.1,0.1,0.13,0.17,0.24,0.32,0.65,1.12,1.75,2.53,2.95
9/14/2012,0.08,0.11,0.13,0.18,0.27,0.35,0.72,1.23,1.88,2.68,3.09
9/17/2012,0.06,0.11,0.13,0.18,0.25,0.36,0.73,1.22,1.85,2.64,3.03
9/18/2012,0.08,0.1,0.13,0.18,0.25,0.35,0.71,1.19,1.82,2.61,3
9/19/2012,0.08,0.11,0.14,0.18,0.27,0.35,0.7,1.18,1.79,2.58,2.97
9/20/2012,0.06,0.11,0.14,0.18,0.27,0.36,0.7,1.18,1.8,2.58,2.96
9/21/2012,0.05,0.11,0.14,0.18,0.27,0.36,0.68,1.14,1.77,2.57,2.95
9/24/2012,0.03,0.11,0.14,0.18,0.27,0.35,0.68,1.12,1.74,2.53,2.91
9/25/2012,0.06,0.11,0.15,0.18,0.27,0.35,0.66,1.08,1.7,2.47,2.86
9/26/2012,0.05,0.11,0.13,0.17,0.26,0.34,0.63,1.03,1.64,2.4,2.79
9/27/2012,0.05,0.09,0.14,0.16,0.25,0.34,0.64,1.05,1.66,2.43,2.83
9/28/2012,0.06,0.1,0.14,0.17,0.23,0.31,0.62,1.04,1.65,2.42,2.82
10/1/2012,0.05,0.09,0.14,0.17,0.25,0.31,0.62,1.04,1.64,2.41,2.81
10/2/2012,0.09,0.09,0.14,0.16,0.23,0.31,0.61,1.03,1.64,2.41,2.81
10/3/2012,0.09,0.09,0.14,0.16,0.23,0.31,0.61,1.02,1.64,2.42,2.82
10/4/2012,0.1,0.1,0.14,0.18,0.23,0.32,0.63,1.07,1.7,2.48,2.89
10/5/2012,0.1,0.11,0.15,0.18,0.27,0.34,0.67,1.12,1.75,2.55,2.96
10/9/2012,0.11,0.1,0.15,0.18,0.25,0.35,0.67,1.11,1.74,2.52,2.93
10/10/2012,0.12,0.1,0.15,0.18,0.27,0.35,0.66,1.09,1.72,2.48,2.89
10/11/2012,0.12,0.1,0.14,0.18,0.28,0.34,0.67,1.09,1.7,2.45,2.86
10/12/2012,0.12,0.11,0.15,0.18,0.27,0.34,0.67,1.09,1.69,2.44,2.83
10/15/2012,0.1,0.11,0.15,0.19,0.27,0.34,0.67,1.09,1.7,2.45,2.85
10/16/2012,0.13,0.09,0.15,0.18,0.27,0.36,0.7,1.15,1.75,2.51,2.91
10/17/2012,0.13,0.11,0.15,0.18,0.3,0.41,0.78,1.24,1.83,2.6,2.98
10/18/2012,0.12,0.1,0.15,0.18,0.29,0.41,0.79,1.26,1.86,2.63,3.02
10/19/2012,0.11,0.1,0.14,0.18,0.3,0.41,0.77,1.21,1.79,2.55,2.94
10/22/2012,0.1,0.1,0.15,0.19,0.32,0.42,0.79,1.25,1.83,2.57,2.95
10/23/2012,0.11,0.11,0.15,0.18,0.29,0.41,0.77,1.21,1.79,2.53,2.91
10/24/2012,0.13,0.11,0.16,0.18,0.29,0.4,0.76,1.21,1.8,2.55,2.93
10/25/2012,0.13,0.11,0.16,0.19,0.31,0.43,0.82,1.28,1.86,2.6,2.98
10/26/2012,0.12,0.12,0.15,0.19,0.3,0.41,0.76,1.2,1.78,2.53,2.92
10/29/2012,0.13,0.14,0.16,0.18,0.3,0.4,0.74,1.16,1.74,2.48,2.87
10/31/2012,0.09,0.11,0.16,0.18,0.3,0.38,0.72,1.14,1.72,2.46,2.85
11/1/2012,0.06,0.09,0.15,0.18,0.3,0.38,0.73,1.16,1.75,2.5,2.89
11/2/2012,0.08,0.09,0.15,0.19,0.28,0.38,0.73,1.16,1.75,2.51,2.91
11/5/2012,0.09,0.11,0.15,0.19,0.28,0.38,0.7,1.13,1.72,2.47,2.88
11/6/2012,0.12,0.1,0.15,0.19,0.3,0.41,0.75,1.19,1.78,2.52,2.92
11/7/2012,0.12,0.1,0.14,0.18,0.27,0.36,0.67,1.08,1.68,2.42,2.83
11/8/2012,0.13,0.1,0.15,0.2,0.27,0.35,0.65,1.04,1.62,2.35,2.77
11/9/2012,0.13,0.09,0.15,0.18,0.27,0.35,0.65,1.04,1.61,2.34,2.75
11/13/2012,0.12,0.11,0.15,0.18,0.27,0.33,0.63,1.02,1.59,2.31,2.72
11/14/2012,0.15,0.1,0.15,0.18,0.25,0.33,0.63,1.03,1.59,2.31,2.73
11/15/2012,0.13,0.08,0.14,0.17,0.24,0.32,0.62,1.02,1.58,2.3,2.72
11/16/2012,0.07,0.06,0.13,0.16,0.24,0.32,0.62,1.01,1.58,2.31,2.73
11/19/2012,0.06,0.09,0.14,0.16,0.25,0.33,0.64,1.04,1.61,2.34,2.76
11/20/2012,0.15,0.08,0.14,0.16,0.27,0.36,0.67,1.09,1.66,2.4,2.82
11/21/2012,0.17,0.1,0.14,0.17,0.27,0.37,0.69,1.11,1.69,2.42,2.83
11/23/2012,0.16,0.1,0.14,0.19,0.29,0.37,0.7,1.12,1.7,2.42,2.83
11/26/2012,0.14,0.1,0.15,0.17,0.27,0.36,0.68,1.09,1.66,2.39,2.8
11/27/2012,0.17,0.1,0.15,0.18,0.27,0.36,0.66,1.07,1.64,2.38,2.79
11/28/2012,0.17,0.1,0.14,0.18,0.27,0.35,0.64,1.05,1.63,2.36,2.79
11/29/2012,0.16,0.09,0.15,0.18,0.25,0.35,0.63,1.04,1.62,2.37,2.79
11/30/2012,0.11,0.08,0.13,0.18,0.25,0.34,0.61,1.04,1.62,2.37,2.81
12/3/2012,0.13,0.1,0.14,0.18,0.25,0.34,0.63,1.05,1.63,2.37,2.8
12/4/2012,0.07,0.1,0.15,0.18,0.25,0.34,0.63,1.04,1.62,2.36,2.78
12/5/2012,0.07,0.1,0.14,0.18,0.25,0.32,0.61,1.02,1.6,2.35,2.78
12/6/2012,0.07,0.1,0.14,0.18,0.25,0.32,0.6,1,1.59,2.33,2.76
12/7/2012,0.06,0.09,0.14,0.18,0.25,0.33,0.63,1.04,1.64,2.39,2.81
12/10/2012,0.05,0.09,0.14,0.18,0.24,0.33,0.62,1.04,1.63,2.38,2.8
12/11/2012,0.04,0.08,0.13,0.16,0.24,0.32,0.64,1.06,1.66,2.41,2.83
12/12/2012,0.04,0.07,0.1,0.14,0.25,0.32,0.66,1.11,1.72,2.48,2.9
12/13/2012,0.02,0.06,0.11,0.14,0.27,0.34,0.7,1.15,1.74,2.49,2.9
12/14/2012,0.01,0.04,0.09,0.13,0.24,0.34,0.7,1.15,1.72,2.46,2.87
12/17/2012,0.01,0.05,0.1,0.13,0.25,0.37,0.74,1.2,1.78,2.53,2.94
12/18/2012,0.04,0.06,0.12,0.16,0.28,0.39,0.78,1.25,1.84,2.59,3
12/19/2012,0.03,0.05,0.1,0.15,0.28,0.39,0.77,1.24,1.82,2.58,2.99
12/20/2012,0.02,0.06,0.1,0.15,0.28,0.39,0.77,1.24,1.81,2.57,2.98
12/21/2012,0.02,0.06,0.12,0.15,0.26,0.38,0.75,1.2,1.77,2.52,2.93
12/24/2012,0.03,0.06,0.11,0.16,0.26,0.38,0.77,1.22,1.79,2.53,2.94
12/26/2012,0.05,0.09,0.13,0.16,0.26,0.39,0.76,1.2,1.77,2.52,2.94
12/27/2012,0.01,0.08,0.12,0.15,0.26,0.37,0.72,1.15,1.74,2.48,2.89
12/28/2012,0,0.01,0.1,0.15,0.27,0.36,0.72,1.15,1.73,2.47,2.88
12/31/2012,0.02,0.05,0.11,0.16,0.25,0.36,0.72,1.18,1.78,2.54,2.95
1/2/2013,0.07,0.08,0.12,0.15,0.27,0.37,0.76,1.25,1.86,2.63,3.04
1/3/2013,0.06,0.08,0.12,0.15,0.27,0.4,0.81,1.31,1.92,2.7,3.12
1/4/2013,0.06,0.07,0.11,0.15,0.27,0.41,0.82,1.32,1.93,2.7,3.1
1/7/2013,0.05,0.07,0.11,0.15,0.27,0.41,0.82,1.31,1.92,2.7,3.1
1/8/2013,0.06,0.07,0.11,0.14,0.25,0.38,0.79,1.28,1.89,2.66,3.06
1/9/2013,0.04,0.06,0.09,0.13,0.24,0.37,0.77,1.27,1.88,2.65,3.06
1/10/2013,0.05,0.06,0.1,0.14,0.26,0.37,0.8,1.3,1.91,2.68,3.08
1/11/2013,0.04,0.07,0.1,0.14,0.26,0.37,0.78,1.28,1.89,2.65,3.05
1/14/2013,0.05,0.08,0.11,0.14,0.26,0.37,0.78,1.27,1.89,2.65,3.05
1/15/2013,0.09,0.09,0.11,0.14,0.26,0.36,0.75,1.24,1.86,2.62,3.02
1/16/2013,0.07,0.08,0.11,0.14,0.26,0.36,0.75,1.23,1.84,2.61,3.01
1/17/2013,0.05,0.07,0.11,0.14,0.28,0.39,0.79,1.29,1.89,2.66,3.06
1/18/2013,0.04,0.08,0.1,0.14,0.26,0.38,0.77,1.26,1.87,2.63,3.03
1/22/2013,0.04,0.08,0.1,0.14,0.26,0.38,0.76,1.25,1.86,2.62,3.02
1/23/2013,0.06,0.08,0.1,0.15,0.26,0.37,0.76,1.24,1.86,2.62,3.02
1/24/2013,0.06,0.08,0.1,0.15,0.23,0.37,0.78,1.26,1.88,2.64,3.04
1/25/2013,0.06,0.08,0.11,0.15,0.28,0.42,0.87,1.36,1.98,2.75,3.14
1/28/2013,0.03,0.07,0.11,0.16,0.29,0.45,0.89,1.38,2,2.76,3.15
1/29/2013,0.03,0.07,0.11,0.15,0.3,0.43,0.9,1.4,2.03,2.79,3.18
1/30/2013,0.04,0.07,0.11,0.15,0.27,0.42,0.88,1.39,2.03,2.8,3.19
1/31/2013,0.04,0.07,0.12,0.15,0.27,0.42,0.88,1.38,2.02,2.79,3.17
2/1/2013,0.02,0.06,0.11,0.15,0.27,0.4,0.88,1.4,2.04,2.83,3.21
2/4/2013,0.03,0.07,0.11,0.15,0.25,0.38,0.85,1.36,2,2.79,3.17
2/5/2013,0.06,0.07,0.11,0.15,0.27,0.41,0.88,1.39,2.04,2.83,3.21
2/6/2013,0.06,0.07,0.12,0.15,0.27,0.39,0.84,1.35,2,2.79,3.18
2/7/2013,0.03,0.07,0.11,0.15,0.25,0.39,0.83,1.34,1.99,2.78,3.17
2/8/2013,0.03,0.07,0.11,0.14,0.25,0.39,0.84,1.34,1.99,2.79,3.17
2/11/2013,0.05,0.09,0.12,0.15,0.27,0.4,0.85,1.35,1.99,2.78,3.16
2/12/2013,0.08,0.09,0.12,0.14,0.29,0.41,0.88,1.38,2.02,2.81,3.19
2/13/2013,0.09,0.1,0.12,0.15,0.29,0.44,0.92,1.43,2.05,2.86,3.23
2/14/2013,0.1,0.11,0.13,0.16,0.27,0.42,0.86,1.37,2,2.79,3.17
2/15/2013,0.09,0.1,0.13,0.17,0.29,0.42,0.87,1.38,2.01,2.8,3.18
2/19/2013,0.09,0.12,0.13,0.17,0.29,0.44,0.89,1.41,2.03,2.83,3.21
2/20/2013,0.12,0.12,0.13,0.17,0.27,0.42,0.88,1.38,2.02,2.82,3.2
2/21/2013,0.12,0.13,0.13,0.16,0.26,0.4,0.86,1.36,1.99,2.79,3.17
2/22/2013,0.11,0.13,0.14,0.16,0.27,0.4,0.84,1.34,1.97,2.77,3.15
2/25/2013,0.09,0.12,0.14,0.16,0.25,0.37,0.78,1.25,1.88,2.69,3.08
2/26/2013,0.11,0.14,0.14,0.17,0.25,0.37,0.78,1.25,1.88,2.69,3.08
2/27/2013,0.11,0.11,0.13,0.17,0.27,0.36,0.78,1.28,1.91,2.72,3.11
2/28/2013,0.07,0.11,0.13,0.17,0.25,0.36,0.77,1.26,1.89,2.71,3.1
3/1/2013,0.07,0.11,0.12,0.16,0.25,0.35,0.75,1.23,1.86,2.68,3.06
3/4/2013,0.07,0.11,0.12,0.16,0.24,0.35,0.76,1.25,1.88,2.7,3.08
3/5/2013,0.09,0.08,0.12,0.15,0.25,0.36,0.77,1.27,1.9,2.72,3.1
3/6/2013,0.09,0.1,0.12,0.15,0.25,0.38,0.81,1.31,1.95,2.77,3.15
3/7/2013,0.1,0.1,0.11,0.15,0.25,0.4,0.85,1.36,2,2.82,3.2
3/8/2013,0.09,0.1,0.11,0.15,0.27,0.42,0.9,1.43,2.06,2.89,3.25
3/11/2013,0.09,0.1,0.12,0.15,0.27,0.43,0.9,1.43,2.07,2.89,3.26
3/12/2013,0.1,0.1,0.12,0.15,0.27,0.41,0.88,1.4,2.03,2.85,3.22
3/13/2013,0.09,0.09,0.12,0.15,0.27,0.42,0.89,1.41,2.04,2.85,3.22
3/14/2013,0.08,0.1,0.12,0.15,0.27,0.42,0.88,1.4,2.04,2.87,3.25
3/15/2013,0.07,0.09,0.11,0.14,0.25,0.4,0.84,1.35,2.01,2.85,3.22
3/18/2013,0.07,0.07,0.11,0.15,0.26,0.38,0.81,1.31,1.96,2.79,3.18
3/19/2013,0.08,0.07,0.11,0.15,0.24,0.37,0.79,1.28,1.92,2.75,3.13
3/20/2013,0.08,0.07,0.11,0.15,0.26,0.38,0.81,1.32,1.96,2.8,3.19
3/21/2013,0.08,0.07,0.11,0.14,0.27,0.38,0.81,1.3,1.95,2.77,3.15
3/22/2013,0.07,0.07,0.11,0.14,0.26,0.39,0.8,1.29,1.93,2.75,3.13
3/25/2013,0.06,0.08,0.11,0.14,0.24,0.38,0.8,1.28,1.93,2.76,3.14
3/26/2013,0.08,0.07,0.11,0.14,0.25,0.38,0.79,1.27,1.92,2.75,3.13
3/27/2013,0.06,0.09,0.12,0.14,0.25,0.36,0.76,1.22,1.87,2.71,3.09
3/28/2013,0.04,0.07,0.11,0.14,0.25,0.36,0.77,1.24,1.87,2.71,3.1
4/1/2013,0.06,0.08,0.11,0.14,0.23,0.36,0.76,1.23,1.86,2.7,3.08
4/2/2013,0.06,0.07,0.11,0.14,0.25,0.36,0.78,1.26,1.88,2.72,3.1
4/3/2013,0.06,0.06,0.1,0.13,0.24,0.34,0.73,1.2,1.83,2.66,3.05
4/4/2013,0.07,0.07,0.1,0.13,0.22,0.33,0.69,1.15,1.78,2.6,2.99
4/5/2013,0.05,0.07,0.1,0.13,0.24,0.33,0.68,1.12,1.72,2.5,2.87
4/8/2013,0.05,0.07,0.1,0.13,0.24,0.34,0.71,1.15,1.76,2.54,2.91
4/9/2013,0.06,0.06,0.1,0.13,0.24,0.34,0.7,1.16,1.78,2.57,2.94
4/10/2013,0.07,0.07,0.1,0.12,0.24,0.36,0.74,1.21,1.84,2.63,3.01
4/11/2013,0.06,0.07,0.1,0.12,0.24,0.35,0.74,1.2,1.82,2.62,3.01
4/12/2013,0.05,0.06,0.09,0.11,0.22,0.33,0.7,1.14,1.75,2.54,2.92
4/15/2013,0.04,0.06,0.09,0.12,0.22,0.32,0.69,1.12,1.72,2.5,2.88
4/16/2013,0.06,0.06,0.09,0.13,0.24,0.33,0.71,1.15,1.75,2.53,2.91
4/17/2013,0.05,0.06,0.09,0.13,0.24,0.35,0.71,1.13,1.73,2.51,2.89
4/18/2013,0.03,0.05,0.09,0.12,0.24,0.35,0.71,1.13,1.72,2.49,2.87
4/19/2013,0.04,0.05,0.09,0.12,0.24,0.35,0.72,1.14,1.73,2.5,2.88
4/22/2013,0.04,0.05,0.09,0.12,0.24,0.35,0.7,1.13,1.72,2.5,2.88
4/23/2013,0.04,0.05,0.09,0.12,0.23,0.35,0.71,1.14,1.74,2.52,2.9
4/24/2013,0.05,0.06,0.09,0.13,0.23,0.34,0.7,1.13,1.73,2.5,2.89
4/25/2013,0.04,0.05,0.08,0.12,0.23,0.35,0.71,1.15,1.74,2.52,2.91
4/26/2013,0.04,0.05,0.09,0.12,0.22,0.32,0.68,1.1,1.7,2.47,2.87
4/29/2013,0.03,0.05,0.08,0.12,0.2,0.32,0.68,1.1,1.7,2.49,2.88
4/30/2013,0.03,0.05,0.09,0.11,0.22,0.32,0.68,1.11,1.7,2.49,2.88
5/1/2013,0.03,0.06,0.08,0.11,0.2,0.3,0.65,1.07,1.66,2.44,2.83
5/2/2013,0.02,0.05,0.08,0.11,0.2,0.3,0.65,1.07,1.66,2.44,2.82
5/3/2013,0.02,0.05,0.08,0.11,0.22,0.34,0.73,1.17,1.78,2.58,2.96
5/6/2013,0.01,0.04,0.08,0.11,0.22,0.34,0.74,1.19,1.8,2.6,2.98
5/7/2013,0.01,0.04,0.08,0.1,0.22,0.35,0.75,1.21,1.82,2.62,3
5/8/2013,0.01,0.04,0.08,0.11,0.22,0.35,0.75,1.2,1.81,2.61,2.99
5/9/2013,0.02,0.04,0.08,0.11,0.22,0.35,0.75,1.2,1.81,2.6,3.01
5/10/2013,0.02,0.04,0.08,0.11,0.26,0.38,0.82,1.28,1.9,2.7,3.1
5/13/2013,0.02,0.05,0.08,0.13,0.24,0.4,0.83,1.3,1.92,2.73,3.13
5/14/2013,0.01,0.05,0.09,0.12,0.26,0.41,0.85,1.33,1.96,2.77,3.17
5/15/2013,0.01,0.04,0.09,0.12,0.26,0.4,0.84,1.32,1.94,2.76,3.16
5/16/2013,0,0.03,0.08,0.12,0.23,0.37,0.79,1.25,1.87,2.69,3.09
5/17/2013,0.01,0.04,0.08,0.12,0.26,0.4,0.84,1.32,1.95,2.77,3.17
5/20/2013,0.01,0.05,0.09,0.12,0.26,0.4,0.85,1.33,1.97,2.79,3.18
5/21/2013,0.04,0.04,0.09,0.12,0.26,0.39,0.84,1.31,1.94,2.75,3.14
5/22/2013,0.04,0.04,0.08,0.11,0.26,0.41,0.91,1.4,2.03,2.83,3.21
5/23/2013,0.03,0.05,0.08,0.12,0.26,0.42,0.91,1.4,2.02,2.82,3.2
5/24/2013,0.03,0.04,0.07,0.12,0.26,0.41,0.9,1.39,2.01,2.8,3.18
5/28/2013,0.02,0.05,0.09,0.13,0.29,0.49,1.02,1.53,2.15,2.95,3.31
5/29/2013,0.04,0.05,0.08,0.14,0.3,0.49,1.02,1.51,2.13,2.91,3.27
5/30/2013,0.02,0.04,0.07,0.13,0.31,0.49,1.01,1.51,2.13,2.92,3.28
5/31/2013,0.03,0.04,0.07,0.14,0.3,0.52,1.05,1.55,2.16,2.95,3.3
6/3/2013,0.03,0.05,0.08,0.14,0.3,0.5,1.03,1.53,2.13,2.92,3.27
6/4/2013,0.05,0.04,0.08,0.14,0.32,0.48,1.05,1.55,2.14,2.95,3.3
6/5/2013,0.04,0.05,0.08,0.14,0.3,0.48,1.02,1.52,2.1,2.9,3.25
6/6/2013,0.04,0.05,0.08,0.14,0.3,0.48,1.01,1.49,2.08,2.89,3.23
6/7/2013,0.04,0.04,0.07,0.14,0.32,0.52,1.1,1.59,2.17,2.98,3.33
6/10/2013,0.04,0.05,0.08,0.14,0.32,0.55,1.13,1.62,2.22,3.03,3.36
6/11/2013,0.05,0.05,0.08,0.14,0.34,0.57,1.12,1.61,2.2,3,3.33
6/12/2013,0.04,0.05,0.08,0.14,0.34,0.57,1.15,1.64,2.25,3.04,3.37
6/13/2013,0.04,0.05,0.08,0.14,0.32,0.55,1.11,1.6,2.19,2.99,3.33
6/14/2013,0.04,0.05,0.08,0.13,0.29,0.49,1.04,1.53,2.14,2.95,3.28
6/17/2013,0.05,0.05,0.08,0.13,0.27,0.49,1.06,1.57,2.19,3.01,3.35
6/18/2013,0.04,0.05,0.08,0.13,0.27,0.48,1.07,1.58,2.2,3,3.34
6/19/2013,0.04,0.05,0.08,0.13,0.31,0.58,1.24,1.76,2.33,3.09,3.41
6/20/2013,0.03,0.05,0.09,0.14,0.33,0.62,1.31,1.84,2.41,3.18,3.49
6/21/2013,0.02,0.05,0.09,0.13,0.38,0.7,1.42,1.95,2.52,3.26,3.56
6/24/2013,0.01,0.06,0.11,0.16,0.42,0.73,1.48,2.02,2.57,3.27,3.56
6/25/2013,0.03,0.06,0.11,0.17,0.43,0.74,1.49,2.03,2.6,3.31,3.6
6/26/2013,0.02,0.06,0.11,0.16,0.39,0.69,1.45,1.98,2.55,3.27,3.58
6/27/2013,0.02,0.06,0.11,0.15,0.36,0.66,1.38,1.91,2.49,3.22,3.54
6/28/2013,0.02,0.04,0.1,0.15,0.36,0.66,1.41,1.96,2.52,3.22,3.52
7/1/2013,0.01,0.04,0.09,0.15,0.34,0.65,1.39,1.93,2.5,3.19,3.48
7/2/2013,0.02,0.03,0.08,0.14,0.34,0.64,1.38,1.92,2.48,3.18,3.47
7/3/2013,0.03,0.05,0.08,0.14,0.36,0.67,1.42,1.97,2.52,3.22,3.49
7/5/2013,0.03,0.04,0.08,0.15,0.4,0.77,1.6,2.19,2.73,3.41,3.68
7/8/2013,0.02,0.05,0.07,0.14,0.37,0.71,1.51,2.11,2.65,3.35,3.63
7/9/2013,0.04,0.04,0.08,0.14,0.37,0.71,1.5,2.08,2.65,3.36,3.64
7/10/2013,0.03,0.04,0.08,0.13,0.38,0.73,1.54,2.12,2.7,3.4,3.68
7/11/2013,0.02,0.04,0.07,0.13,0.34,0.65,1.4,1.99,2.6,3.33,3.64
7/12/2013,0.02,0.04,0.07,0.12,0.37,0.66,1.43,2,2.61,3.34,3.64
7/15/2013,0.02,0.04,0.07,0.11,0.34,0.66,1.4,1.97,2.57,3.3,3.61
7/16/2013,0.02,0.03,0.07,0.1,0.34,0.64,1.38,1.95,2.55,3.28,3.58
7/17/2013,0.02,0.03,0.08,0.11,0.32,0.6,1.33,1.91,2.52,3.27,3.57
7/18/2013,0.01,0.03,0.07,0.11,0.32,0.61,1.35,1.95,2.56,3.32,3.63
7/19/2013,0.01,0.03,0.07,0.11,0.32,0.59,1.31,1.9,2.5,3.25,3.56
7/22/2013,0.01,0.04,0.07,0.1,0.32,0.59,1.32,1.9,2.5,3.25,3.55
7/23/2013,0.02,0.02,0.07,0.12,0.33,0.6,1.33,1.92,2.53,3.27,3.58
7/24/2013,0.02,0.03,0.07,0.12,0.34,0.64,1.4,2,2.61,3.34,3.65
7/25/2013,0.02,0.02,0.06,0.12,0.32,0.62,1.38,2,2.61,3.34,3.65
7/26/2013,0.02,0.03,0.07,0.11,0.31,0.59,1.36,1.98,2.58,3.31,3.61
7/29/2013,0.01,0.03,0.07,0.11,0.33,0.61,1.37,2,2.61,3.35,3.66
7/30/2013,0.03,0.04,0.07,0.11,0.33,0.62,1.39,2.02,2.63,3.36,3.67
7/31/2013,0.03,0.04,0.08,0.11,0.31,0.61,1.38,2,2.6,3.34,3.64
8/1/2013,0.02,0.04,0.08,0.13,0.35,0.65,1.49,2.15,2.74,3.48,3.77
8/2/2013,0.02,0.04,0.07,0.11,0.3,0.59,1.36,2.01,2.63,3.39,3.69
8/5/2013,0.03,0.05,0.08,0.12,0.32,0.61,1.39,2.04,2.67,3.42,3.73
8/6/2013,0.05,0.04,0.08,0.12,0.32,0.62,1.39,2.04,2.67,3.42,3.73
8/7/2013,0.05,0.05,0.08,0.12,0.32,0.61,1.38,2,2.61,3.37,3.68
8/8/2013,0.05,0.05,0.07,0.12,0.3,0.61,1.36,1.98,2.58,3.37,3.65
8/9/2013,0.05,0.05,0.07,0.11,0.32,0.61,1.36,1.98,2.57,3.36,3.63
8/12/2013,0.05,0.06,0.08,0.12,0.32,0.62,1.39,2.01,2.61,3.39,3.67
8/13/2013,0.06,0.06,0.08,0.12,0.34,0.68,1.49,2.13,2.71,3.48,3.75
8/14/2013,0.06,0.05,0.07,0.12,0.34,0.67,1.48,2.12,2.71,3.48,3.75
8/15/2013,0.05,0.05,0.08,0.13,0.36,0.7,1.54,2.18,2.77,3.54,3.81
8/16/2013,0.05,0.05,0.08,0.13,0.36,0.73,1.6,2.25,2.84,3.61,3.86
8/19/2013,0.03,0.06,0.08,0.13,0.36,0.76,1.63,2.29,2.88,3.64,3.89
8/20/2013,0.03,0.04,0.07,0.13,0.36,0.73,1.57,2.22,2.82,3.59,3.86
8/21/2013,0.02,0.04,0.07,0.14,0.38,0.76,1.64,2.3,2.87,3.64,3.9
8/22/2013,0.01,0.03,0.06,0.14,0.42,0.82,1.71,2.34,2.9,3.63,3.88
8/23/2013,0.02,0.03,0.06,0.14,0.4,0.8,1.66,2.27,2.82,3.55,3.8
8/26/2013,0.03,0.04,0.07,0.13,0.41,0.79,1.61,2.23,2.79,3.52,3.77
8/27/2013,0.04,0.05,0.07,0.12,0.38,0.77,1.56,2.15,2.72,3.45,3.7
8/28/2013,0.04,0.03,0.07,0.14,0.4,0.79,1.62,2.22,2.78,3.5,3.75
8/29/2013,0.03,0.02,0.06,0.14,0.39,0.79,1.6,2.2,2.75,3.45,3.7
8/30/2013,0.02,0.03,0.05,0.13,0.39,0.79,1.62,2.24,2.78,3.46,3.7
9/3/2013,0.03,0.02,0.05,0.14,0.43,0.83,1.68,2.31,2.86,3.54,3.79
9/4/2013,0.02,0.02,0.05,0.14,0.46,0.89,1.74,2.36,2.9,3.56,3.8
9/5/2013,0.03,0.02,0.06,0.16,0.52,0.97,1.85,2.45,2.98,3.64,3.88
9/6/2013,0.02,0.02,0.05,0.14,0.46,0.91,1.77,2.38,2.94,3.62,3.87
9/9/2013,0.02,0.02,0.04,0.12,0.45,0.87,1.71,2.34,2.9,3.6,3.84
9/10/2013,0.01,0.02,0.04,0.13,0.5,0.92,1.78,2.4,2.96,3.65,3.88
9/11/2013,0.01,0.02,0.05,0.12,0.47,0.88,1.72,2.34,2.93,3.61,3.85
9/12/2013,0.01,0.01,0.02,0.13,0.45,0.87,1.72,2.34,2.92,3.6,3.85
9/13/2013,0.01,0.01,0.02,0.13,0.45,0.87,1.71,2.32,2.9,3.59,3.84
9/16/2013,0.01,0.02,0.04,0.13,0.41,0.8,1.65,2.27,2.88,3.61,3.87
9/17/2013,0.01,0.01,0.04,0.12,0.39,0.78,1.62,2.26,2.86,3.57,3.84
9/18/2013,0.01,0.01,0.04,0.11,0.34,0.67,1.43,2.05,2.69,3.46,3.75
9/19/2013,0,0.01,0.03,0.1,0.34,0.69,1.49,2.13,2.76,3.52,3.8
9/20/2013,0.01,0.01,0.05,0.11,0.34,0.69,1.5,2.13,2.75,3.5,3.77
9/23/2013,0.01,0.02,0.05,0.1,0.35,0.68,1.48,2.1,2.72,3.46,3.73
9/24/2013,0.02,0.02,0.05,0.1,0.35,0.67,1.44,2.05,2.67,3.4,3.67
9/25/2013,0.02,0.02,0.05,0.1,0.36,0.66,1.41,2.01,2.63,3.37,3.65
9/26/2013,0.04,0,0.03,0.09,0.34,0.67,1.43,2.05,2.66,3.41,3.69
9/27/2013,0.03,0.02,0.03,0.1,0.34,0.64,1.4,2.02,2.64,3.4,3.68
9/30/2013,0.03,0.02,0.04,0.1,0.33,0.63,1.39,2.02,2.64,3.41,3.69
10/1/2013,0.1,0.02,0.04,0.1,0.33,0.66,1.42,2.04,2.66,3.43,3.72
10/2/2013,0.08,0.02,0.05,0.11,0.31,0.62,1.38,2.01,2.63,3.41,3.7
10/3/2013,0.12,0.03,0.05,0.11,0.33,0.61,1.36,1.99,2.62,3.4,3.71
10/4/2013,0.11,0.03,0.04,0.11,0.33,0.66,1.41,2.05,2.66,3.43,3.73
10/7/2013,0.13,0.03,0.06,0.12,0.37,0.66,1.41,2.03,2.65,3.41,3.7
10/8/2013,0.27,0.05,0.09,0.15,0.4,0.7,1.43,2.05,2.66,3.41,3.7
10/9/2013,0.26,0.05,0.08,0.15,0.37,0.68,1.43,2.06,2.68,3.43,3.73
10/10/2013,0.25,0.05,0.07,0.14,0.35,0.68,1.44,2.09,2.71,3.46,3.75
10/11/2013,0.25,0.08,0.07,0.14,0.35,0.66,1.42,2.07,2.7,3.45,3.74
10/15/2013,0.32,0.14,0.16,0.16,0.37,0.68,1.45,2.11,2.75,3.5,3.78
10/16/2013,0.14,0.1,0.11,0.15,0.34,0.64,1.41,2.06,2.69,3.43,3.72
10/17/2013,0.01,0.05,0.08,0.13,0.33,0.61,1.35,1.98,2.61,3.36,3.66
10/18/2013,0.01,0.04,0.08,0.12,0.33,0.62,1.35,1.98,2.6,3.36,3.65
10/21/2013,0.02,0.04,0.07,0.11,0.33,0.63,1.38,2.01,2.63,3.39,3.68
10/22/2013,0.04,0.04,0.07,0.1,0.31,0.59,1.3,1.92,2.54,3.31,3.61
10/23/2013,0.02,0.04,0.07,0.11,0.31,0.6,1.3,1.9,2.51,3.29,3.59
10/24/2013,0.02,0.03,0.07,0.12,0.33,0.59,1.32,1.92,2.53,3.3,3.61
10/25/2013,0.02,0.04,0.08,0.11,0.32,0.59,1.3,1.9,2.53,3.3,3.6
10/28/2013,0.02,0.04,0.08,0.11,0.32,0.59,1.31,1.91,2.54,3.31,3.61
10/29/2013,0.06,0.04,0.08,0.11,0.31,0.59,1.29,1.9,2.53,3.31,3.62
10/30/2013,0.05,0.04,0.09,0.11,0.33,0.58,1.3,1.93,2.55,3.33,3.63
10/31/2013,0.03,0.04,0.08,0.1,0.31,0.57,1.31,1.95,2.57,3.33,3.63
11/1/2013,0.03,0.04,0.08,0.1,0.33,0.61,1.37,2.03,2.65,3.4,3.69
11/4/2013,0.02,0.05,0.09,0.09,0.32,0.6,1.36,2.01,2.63,3.4,3.7
11/5/2013,0.06,0.05,0.08,0.1,0.32,0.6,1.39,2.06,2.69,3.46,3.76
11/6/2013,0.05,0.05,0.09,0.11,0.3,0.58,1.34,2.02,2.67,3.46,3.77
11/7/2013,0.04,0.05,0.09,0.11,0.29,0.55,1.31,1.98,2.63,3.41,3.71
11/8/2013,0.04,0.06,0.09,0.12,0.32,0.62,1.42,2.12,2.77,3.55,3.84
11/12/2013,0.05,0.08,0.1,0.13,0.34,0.65,1.47,2.16,2.8,3.57,3.86
11/13/2013,0.06,0.08,0.1,0.13,0.32,0.61,1.41,2.1,2.75,3.54,3.83
11/14/2013,0.06,0.08,0.1,0.13,0.29,0.56,1.34,2.04,2.69,3.49,3.79
11/15/2013,0.06,0.08,0.1,0.13,0.31,0.58,1.36,2.06,2.71,3.5,3.8
11/18/2013,0.05,0.09,0.1,0.13,0.31,0.56,1.33,2.02,2.67,3.46,3.76
11/19/2013,0.05,0.08,0.1,0.14,0.29,0.58,1.37,2.06,2.71,3.5,3.8
11/20/2013,0.06,0.08,0.11,0.12,0.28,0.57,1.39,2.13,2.8,3.61,3.9
11/21/2013,0.02,0.07,0.1,0.12,0.29,0.55,1.38,2.12,2.79,3.59,3.89
11/22/2013,0.02,0.07,0.1,0.12,0.31,0.57,1.37,2.1,2.75,3.54,3.84
11/25/2013,0.04,0.08,0.11,0.14,0.3,0.57,1.37,2.08,2.74,3.53,3.83
11/26/2013,0.07,0.07,0.11,0.13,0.29,0.55,1.34,2.05,2.71,3.5,3.8
11/27/2013,0.06,0.07,0.11,0.13,0.28,0.55,1.36,2.08,2.74,3.52,3.81
11/29/2013,0.05,0.06,0.11,0.13,0.28,0.56,1.37,2.1,2.75,3.54,3.82
12/2/2013,0.02,0.05,0.1,0.13,0.3,0.59,1.43,2.16,2.81,3.58,3.86
12/3/2013,0.04,0.06,0.1,0.13,0.28,0.58,1.4,2.13,2.79,3.56,3.84
12/4/2013,0.04,0.06,0.1,0.14,0.3,0.6,1.45,2.19,2.84,3.63,3.9
12/5/2013,0.02,0.06,0.1,0.13,0.3,0.61,1.49,2.23,2.88,3.65,3.92
12/6/2013,0.03,0.06,0.1,0.13,0.3,0.64,1.51,2.23,2.88,3.63,3.9
12/9/2013,0.04,0.07,0.1,0.13,0.3,0.64,1.5,2.23,2.86,3.61,3.88
12/10/2013,0.03,0.07,0.1,0.14,0.3,0.62,1.46,2.17,2.81,3.56,3.83
12/11/2013,0.02,0.07,0.1,0.13,0.31,0.63,1.5,2.21,2.86,3.61,3.87
12/12/2013,0.01,0.07,0.09,0.14,0.34,0.67,1.55,2.26,2.89,3.63,3.91
12/13/2013,0.02,0.07,0.09,0.14,0.34,0.68,1.55,2.25,2.88,3.61,3.88
12/16/2013,0.02,0.07,0.09,0.13,0.34,0.68,1.55,2.26,2.89,3.63,3.9
12/17/2013,0.02,0.07,0.09,0.14,0.34,0.65,1.52,2.22,2.85,3.6,3.88
12/18/2013,0.01,0.07,0.1,0.13,0.32,0.64,1.55,2.26,2.89,3.63,3.9
12/19/2013,0.01,0.06,0.09,0.13,0.35,0.7,1.63,2.35,2.94,3.64,3.91
12/20/2013,0.02,0.07,0.09,0.13,0.37,0.74,1.66,2.33,2.89,3.57,3.82
12/23/2013,0.01,0.07,0.09,0.14,0.38,0.77,1.68,2.37,2.94,3.6,3.85
12/24/2013,0.01,0.07,0.09,0.14,0.38,0.8,1.73,2.43,2.99,3.66,3.9
12/26/2013,0,0.07,0.09,0.13,0.42,0.81,1.74,2.43,3,3.68,3.92
12/27/2013,0.01,0.07,0.09,0.12,0.4,0.79,1.74,2.44,3.02,3.7,3.94
12/30/2013,0.01,0.07,0.1,0.13,0.39,0.77,1.71,2.4,2.99,3.66,3.9
12/31/2013,0.01,0.07,0.1,0.13,0.38,0.78,1.75,2.45,3.04,3.72,3.96
1/2/2014,0.01,0.07,0.09,0.13,0.39,0.76,1.72,2.41,3,3.68,3.92
1/3/2014,0.02,0.07,0.1,0.13,0.41,0.8,1.73,2.42,3.01,3.69,3.93
1/6/2014,0.01,0.05,0.08,0.12,0.4,0.78,1.7,2.38,2.98,3.66,3.9
1/7/2014,0.01,0.04,0.08,0.13,0.4,0.8,1.69,2.37,2.96,3.64,3.88
1/8/2014,0,0.05,0.08,0.13,0.43,0.87,1.77,2.44,3.01,3.67,3.9
1/9/2014,0.01,0.04,0.06,0.13,0.44,0.86,1.75,2.41,2.97,3.62,3.88
1/10/2014,0.01,0.05,0.06,0.12,0.39,0.77,1.64,2.29,2.88,3.54,3.8
1/13/2014,0,0.03,0.06,0.11,0.39,0.74,1.6,2.25,2.84,3.52,3.77
1/14/2014,0,0.04,0.06,0.11,0.39,0.78,1.65,2.3,2.88,3.54,3.8
1/15/2014,0.01,0.04,0.06,0.13,0.41,0.81,1.68,2.33,2.9,3.55,3.81
1/16/2014,0.01,0.04,0.07,0.11,0.41,0.8,1.66,2.3,2.86,3.52,3.77
1/17/2014,0.01,0.05,0.07,0.11,0.4,0.79,1.64,2.27,2.84,3.5,3.75
1/21/2014,0.01,0.04,0.07,0.12,0.4,0.81,1.67,2.29,2.85,3.5,3.74
1/22/2014,0,0.04,0.07,0.11,0.44,0.85,1.72,2.34,2.87,3.52,3.75
1/23/2014,0.01,0.04,0.05,0.11,0.39,0.77,1.62,2.24,2.79,3.44,3.68
1/24/2014,0.04,0.04,0.06,0.11,0.37,0.75,1.58,2.2,2.75,3.4,3.64
1/27/2014,0.04,0.05,0.07,0.11,0.37,0.76,1.61,2.24,2.78,3.43,3.67
1/28/2014,0.05,0.05,0.07,0.11,0.38,0.75,1.59,2.22,2.77,3.43,3.68
1/29/2014,0.04,0.04,0.07,0.11,0.36,0.71,1.52,2.15,2.69,3.36,3.62
1/30/2014,0.04,0.02,0.06,0.1,0.36,0.72,1.55,2.19,2.72,3.4,3.65
1/31/2014,0.03,0.02,0.06,0.1,0.34,0.69,1.49,2.13,2.67,3.35,3.61
2/3/2014,0.04,0.05,0.07,0.11,0.3,0.64,1.44,2.07,2.61,3.29,3.55
2/4/2014,0.12,0.06,0.07,0.12,0.31,0.65,1.46,2.09,2.64,3.33,3.59
2/5/2014,0.13,0.07,0.07,0.12,0.32,0.66,1.5,2.14,2.7,3.4,3.66
2/6/2014,0.07,0.07,0.08,0.13,0.33,0.69,1.52,2.17,2.73,3.42,3.67
2/7/2014,0.1,0.08,0.09,0.12,0.3,0.66,1.47,2.13,2.71,3.39,3.67
2/10/2014,0.07,0.07,0.1,0.12,0.32,0.66,1.48,2.13,2.7,3.38,3.66
2/11/2014,0.05,0.05,0.1,0.12,0.35,0.71,1.54,2.19,2.75,3.42,3.69
2/12/2014,0.01,0.05,0.09,0.12,0.35,0.74,1.59,2.23,2.8,3.45,3.72
2/13/2014,0.01,0.03,0.08,0.12,0.32,0.7,1.51,2.16,2.73,3.4,3.7
2/14/2014,0.01,0.02,0.07,0.11,0.32,0.71,1.53,2.17,2.75,3.41,3.69
2/18/2014,0.02,0.05,0.08,0.12,0.31,0.67,1.5,2.14,2.71,3.4,3.68
2/19/2014,0.04,0.06,0.09,0.11,0.33,0.69,1.53,2.17,2.73,3.42,3.71
2/20/2014,0.02,0.05,0.08,0.12,0.34,0.72,1.57,2.2,2.76,3.44,3.73
2/21/2014,0.02,0.05,0.08,0.12,0.33,0.71,1.56,2.19,2.73,3.41,3.69
2/24/2014,0.02,0.05,0.08,0.11,0.35,0.72,1.57,2.2,2.75,3.42,3.7
2/25/2014,0.04,0.05,0.08,0.11,0.34,0.7,1.53,2.16,2.7,3.37,3.66
2/26/2014,0.04,0.05,0.08,0.11,0.33,0.68,1.5,2.12,2.67,3.34,3.63
2/27/2014,0.04,0.04,0.07,0.11,0.33,0.68,1.49,2.11,2.65,3.31,3.6
2/28/2014,0.04,0.05,0.08,0.12,0.33,0.69,1.51,2.13,2.66,3.31,3.59
3/3/2014,0.04,0.05,0.08,0.12,0.32,0.66,1.46,2.07,2.6,3.27,3.55
3/4/2014,0.06,0.05,0.08,0.12,0.33,0.71,1.54,2.17,2.7,3.36,3.64
3/5/2014,0.06,0.06,0.09,0.13,0.33,0.71,1.54,2.16,2.7,3.36,3.64
3/6/2014,0.06,0.05,0.08,0.12,0.37,0.73,1.57,2.2,2.74,3.4,3.68
3/7/2014,0.06,0.06,0.09,0.13,0.38,0.79,1.65,2.27,2.8,3.45,3.72
3/10/2014,0.05,0.05,0.08,0.12,0.37,0.79,1.64,2.26,2.79,3.45,3.73
3/11/2014,0.06,0.05,0.08,0.13,0.37,0.79,1.62,2.25,2.77,3.43,3.7
3/12/2014,0.05,0.05,0.08,0.12,0.37,0.78,1.59,2.2,2.73,3.38,3.66
3/13/2014,0.06,0.05,0.08,0.12,0.34,0.74,1.53,2.14,2.66,3.31,3.6
3/14/2014,0.05,0.05,0.08,0.12,0.36,0.74,1.55,2.14,2.65,3.3,3.59
3/17/2014,0.05,0.06,0.08,0.13,0.38,0.77,1.58,2.19,2.7,3.34,3.63
3/18/2014,0.07,0.05,0.07,0.13,0.36,0.75,1.56,2.16,2.68,3.33,3.62
3/19/2014,0.07,0.06,0.09,0.15,0.47,0.91,1.75,2.31,2.78,3.39,3.66
3/20/2014,0.06,0.06,0.09,0.14,0.45,0.9,1.73,2.31,2.79,3.4,3.67
3/21/2014,0.05,0.06,0.08,0.14,0.45,0.91,1.73,2.3,2.75,3.34,3.61
3/24/2014,0.05,0.06,0.08,0.14,0.47,0.93,1.76,2.31,2.74,3.31,3.57
3/25/2014,0.05,0.05,0.08,0.13,0.47,0.92,1.76,2.32,2.75,3.32,3.59
3/26/2014,0.05,0.05,0.07,0.12,0.45,0.89,1.7,2.27,2.71,3.29,3.55
3/27/2014,0.02,0.04,0.06,0.12,0.45,0.9,1.7,2.26,2.69,3.25,3.52
3/28/2014,0.03,0.04,0.06,0.13,0.45,0.93,1.74,2.31,2.73,3.29,3.55
3/31/2014,0.03,0.05,0.07,0.13,0.44,0.9,1.73,2.3,2.73,3.31,3.56
4/1/2014,0.02,0.04,0.06,0.13,0.44,0.91,1.74,2.32,2.77,3.35,3.6
4/2/2014,0.02,0.02,0.06,0.12,0.47,0.94,1.8,2.39,2.82,3.4,3.65
4/3/2014,0.03,0.02,0.05,0.11,0.46,0.95,1.79,2.38,2.8,3.38,3.62
4/4/2014,0.03,0.03,0.05,0.11,0.43,0.89,1.71,2.3,2.74,3.33,3.59
4/7/2014,0.03,0.03,0.06,0.11,0.41,0.87,1.68,2.27,2.71,3.3,3.56
4/8/2014,0.04,0.03,0.06,0.11,0.4,0.88,1.67,2.24,2.69,3.28,3.54
4/9/2014,0.03,0.04,0.05,0.1,0.37,0.85,1.65,2.24,2.71,3.31,3.57
4/10/2014,0.03,0.04,0.06,0.09,0.37,0.81,1.59,2.17,2.65,3.24,3.52
4/11/2014,0.04,0.04,0.06,0.09,0.37,0.8,1.58,2.16,2.63,3.22,3.48
4/14/2014,0.03,0.04,0.06,0.1,0.37,0.82,1.61,2.18,2.65,3.23,3.48
4/15/2014,0.03,0.04,0.05,0.11,0.39,0.84,1.63,2.18,2.64,3.2,3.46
4/16/2014,0.03,0.04,0.05,0.11,0.39,0.87,1.67,2.21,2.65,3.2,3.45
4/17/2014,0.02,0.03,0.05,0.11,0.43,0.91,1.75,2.31,2.73,3.27,3.52
4/21/2014,0.02,0.04,0.06,0.11,0.42,0.91,1.74,2.31,2.73,3.27,3.52
4/22/2014,0.02,0.03,0.06,0.11,0.45,0.93,1.76,2.31,2.73,3.25,3.5
4/23/2014,0.02,0.02,0.05,0.11,0.43,0.91,1.73,2.28,2.7,3.22,3.47
4/24/2014,0,0.01,0.04,0.1,0.43,0.91,1.74,2.3,2.7,3.22,3.46
4/25/2014,0.01,0.03,0.04,0.11,0.43,0.9,1.72,2.28,2.68,3.2,3.45
4/28/2014,0,0.03,0.05,0.1,0.44,0.9,1.73,2.29,2.7,3.23,3.47
4/29/2014,0.02,0.02,0.05,0.11,0.44,0.91,1.74,2.29,2.71,3.25,3.49
4/30/2014,0.02,0.03,0.05,0.11,0.42,0.87,1.69,2.25,2.67,3.22,3.47
5/1/2014,0.02,0.03,0.05,0.1,0.41,0.86,1.66,2.21,2.63,3.16,3.41
5/2/2014,0.01,0.02,0.05,0.1,0.42,0.89,1.67,2.2,2.6,3.12,3.37
5/5/2014,0.01,0.03,0.05,0.11,0.43,0.9,1.68,2.22,2.63,3.16,3.41
5/6/2014,0.03,0.03,0.05,0.1,0.43,0.92,1.68,2.2,2.61,3.13,3.38
5/7/2014,0.03,0.03,0.05,0.1,0.41,0.89,1.65,2.18,2.62,3.12,3.4
5/8/2014,0.02,0.03,0.05,0.1,0.4,0.86,1.63,2.16,2.61,3.17,3.45
5/9/2014,0.02,0.03,0.05,0.1,0.4,0.86,1.63,2.17,2.62,3.18,3.47
5/12/2014,0.02,0.03,0.05,0.09,0.41,0.87,1.67,2.21,2.66,3.21,3.49
5/13/2014,0.03,0.03,0.05,0.1,0.39,0.84,1.62,2.16,2.61,3.17,3.45
5/14/2014,0.02,0.03,0.05,0.1,0.39,0.81,1.57,2.1,2.54,3.09,3.37
5/15/2014,0.01,0.03,0.05,0.09,0.38,0.8,1.55,2.05,2.5,3.05,3.33
5/16/2014,0.01,0.03,0.05,0.09,0.38,0.8,1.56,2.08,2.52,3.07,3.34
5/19/2014,0.01,0.03,0.05,0.09,0.36,0.79,1.56,2.09,2.54,3.11,3.39
5/20/2014,0.04,0.03,0.06,0.09,0.35,0.77,1.53,2.06,2.52,3.1,3.38
5/21/2014,0.04,0.04,0.06,0.09,0.37,0.79,1.55,2.08,2.54,3.13,3.42
5/22/2014,0.03,0.03,0.05,0.09,0.37,0.8,1.57,2.1,2.56,3.15,3.43
5/23/2014,0.04,0.04,0.05,0.1,0.37,0.79,1.55,2.09,2.54,3.12,3.4
5/27/2014,0.03,0.04,0.06,0.09,0.39,0.79,1.56,2.08,2.52,3.09,3.37
5/28/2014,0.04,0.04,0.05,0.1,0.37,0.76,1.5,2.01,2.44,3.01,3.29
5/29/2014,0.05,0.04,0.05,0.1,0.37,0.77,1.52,2.03,2.45,3.03,3.31
5/30/2014,0.05,0.04,0.06,0.1,0.37,0.79,1.54,2.06,2.48,3.05,3.33
6/2/2014,0.04,0.04,0.06,0.1,0.39,0.83,1.6,2.12,2.54,3.1,3.38
6/3/2014,0.04,0.04,0.06,0.1,0.41,0.85,1.65,2.18,2.6,3.17,3.43
6/4/2014,0.04,0.04,0.06,0.1,0.41,0.85,1.65,2.2,2.61,3.18,3.45
6/5/2014,0.03,0.04,0.06,0.1,0.4,0.82,1.63,2.17,2.59,3.17,3.44
6/6/2014,0.02,0.04,0.06,0.11,0.41,0.86,1.66,2.19,2.6,3.17,3.44
6/9/2014,0.03,0.04,0.06,0.11,0.43,0.88,1.69,2.22,2.62,3.18,3.45
6/10/2014,0.04,0.04,0.06,0.11,0.45,0.93,1.71,2.24,2.64,3.2,3.47
6/11/2014,0.03,0.04,0.06,0.11,0.44,0.91,1.7,2.23,2.65,3.2,3.47
6/12/2014,0.02,0.04,0.07,0.1,0.42,0.88,1.66,2.17,2.58,3.14,3.41
6/13/2014,0.02,0.04,0.07,0.11,0.45,0.93,1.7,2.21,2.6,3.14,3.41
6/16/2014,0.03,0.04,0.07,0.11,0.49,0.95,1.71,2.21,2.61,3.14,3.4
6/17/2014,0.03,0.04,0.07,0.11,0.51,0.99,1.77,2.27,2.66,3.19,3.44
6/18/2014,0.03,0.03,0.06,0.1,0.48,0.95,1.71,2.21,2.61,3.16,3.43
6/19/2014,0.01,0.02,0.05,0.09,0.48,0.94,1.71,2.22,2.64,3.2,3.47
6/20/2014,0.01,0.02,0.04,0.09,0.5,0.94,1.71,2.22,2.63,3.18,3.44
6/23/2014,0.02,0.03,0.06,0.1,0.48,0.96,1.72,2.23,2.63,3.18,3.45
6/24/2014,0.01,0.03,0.06,0.12,0.49,0.95,1.7,2.19,2.59,3.14,3.41
6/25/2014,0.01,0.03,0.05,0.11,0.48,0.92,1.68,2.17,2.57,3.12,3.38
6/26/2014,0.01,0.04,0.06,0.11,0.46,0.9,1.64,2.14,2.53,3.08,3.35
6/27/2014,0.02,0.03,0.06,0.1,0.45,0.88,1.64,2.14,2.54,3.1,3.36
6/30/2014,0.02,0.04,0.07,0.11,0.47,0.88,1.62,2.13,2.53,3.08,3.34
7/1/2014,0.03,0.02,0.06,0.11,0.47,0.9,1.66,2.17,2.58,3.13,3.4
7/2/2014,0.02,0.02,0.06,0.12,0.49,0.95,1.71,2.22,2.64,3.2,3.46
7/3/2014,0.01,0.01,0.06,0.11,0.52,0.98,1.74,2.25,2.65,3.21,3.47
7/7/2014,0.02,0.04,0.06,0.12,0.52,1,1.74,2.24,2.63,3.17,3.44
7/8/2014,0.02,0.03,0.06,0.11,0.51,0.99,1.7,2.19,2.58,3.12,3.38
7/9/2014,0.03,0.03,0.06,0.11,0.51,0.97,1.68,2.17,2.57,3.1,3.37
7/10/2014,0.02,0.02,0.06,0.1,0.46,0.93,1.66,2.15,2.55,3.1,3.38
7/11/2014,0.02,0.02,0.07,0.11,0.48,0.92,1.65,2.13,2.53,3.07,3.34
7/14/2014,0.02,0.03,0.06,0.11,0.48,0.95,1.68,2.17,2.55,3.1,3.36
7/15/2014,0.02,0.02,0.06,0.11,0.49,0.97,1.7,2.18,2.56,3.1,3.37
7/16/2014,0.02,0.02,0.06,0.11,0.5,0.98,1.71,2.18,2.55,3.08,3.35
7/17/2014,0.02,0.02,0.06,0.1,0.47,0.94,1.65,2.11,2.47,3.01,3.27
7/18/2014,0.03,0.02,0.05,0.1,0.51,0.97,1.69,2.14,2.5,3.03,3.29
7/21/2014,0.02,0.03,0.06,0.11,0.51,0.99,1.7,2.14,2.49,3.01,3.26
7/22/2014,0.03,0.03,0.07,0.11,0.49,0.97,1.68,2.13,2.48,3,3.25
7/23/2014,0.03,0.03,0.05,0.11,0.5,0.96,1.67,2.12,2.48,3,3.26
7/24/2014,0.04,0.03,0.06,0.11,0.53,1,1.72,2.18,2.52,3.04,3.3
7/25/2014,0.03,0.03,0.06,0.11,0.53,0.98,1.69,2.14,2.48,2.99,3.24
7/28/2014,0.03,0.04,0.06,0.11,0.54,1.01,1.73,2.17,2.5,3.01,3.26
7/29/2014,0.03,0.02,0.06,0.12,0.54,1,1.7,2.14,2.47,2.97,3.22
7/30/2014,0.03,0.04,0.06,0.13,0.56,1.04,1.77,2.24,2.57,3.06,3.31
7/31/2014,0.01,0.03,0.05,0.12,0.53,1.02,1.76,2.24,2.58,3.07,3.32
8/1/2014,0.01,0.03,0.05,0.13,0.47,0.94,1.67,2.16,2.52,3.03,3.29
8/4/2014,0.02,0.04,0.06,0.12,0.47,0.93,1.66,2.15,2.51,3.04,3.3
8/5/2014,0.03,0.03,0.05,0.12,0.47,0.93,1.66,2.14,2.49,3.02,3.28
8/6/2014,0.03,0.03,0.05,0.11,0.48,0.93,1.66,2.13,2.49,3.01,3.27
8/7/2014,0.03,0.03,0.04,0.11,0.44,0.89,1.6,2.07,2.43,2.97,3.23
8/8/2014,0.03,0.03,0.05,0.1,0.45,0.91,1.62,2.09,2.44,2.97,3.23
8/11/2014,0.03,0.04,0.05,0.1,0.47,0.93,1.62,2.09,2.44,2.97,3.24
8/12/2014,0.05,0.03,0.05,0.1,0.45,0.92,1.63,2.1,2.46,3,3.27
8/13/2014,0.04,0.04,0.06,0.1,0.43,0.88,1.59,2.06,2.43,2.97,3.24
8/14/2014,0.04,0.04,0.06,0.1,0.42,0.87,1.58,2.04,2.4,2.93,3.2
8/15/2014,0.03,0.03,0.05,0.09,0.42,0.86,1.55,1.99,2.34,2.86,3.13
8/18/2014,0.02,0.03,0.05,0.1,0.44,0.89,1.58,2.04,2.39,2.92,3.2
8/19/2014,0.04,0.03,0.05,0.11,0.46,0.9,1.59,2.05,2.4,2.94,3.21
8/20/2014,0.04,0.04,0.06,0.12,0.49,0.94,1.65,2.09,2.43,2.95,3.22
8/21/2014,0.03,0.02,0.06,0.1,0.49,0.95,1.64,2.08,2.41,2.92,3.19
8/22/2014,0.04,0.03,0.06,0.1,0.53,0.98,1.68,2.1,2.4,2.9,3.16
8/25/2014,0.02,0.04,0.05,0.11,0.53,0.99,1.69,2.09,2.39,2.88,3.13
8/26/2014,0.04,0.03,0.05,0.12,0.52,0.98,1.68,2.08,2.39,2.89,3.15
8/27/2014,0.02,0.04,0.05,0.11,0.51,0.97,1.65,2.05,2.37,2.85,3.11
8/28/2014,0.02,0.03,0.05,0.11,0.5,0.95,1.63,2.04,2.34,2.82,3.08
8/29/2014,0.02,0.03,0.05,0.09,0.48,0.94,1.63,2.05,2.35,2.83,3.09
9/2/2014,0.02,0.03,0.05,0.1,0.53,0.99,1.69,2.11,2.42,2.91,3.17
9/3/2014,0.02,0.03,0.05,0.11,0.52,0.99,1.69,2.11,2.41,2.9,3.15
9/4/2014,0.02,0.03,0.05,0.1,0.54,1.01,1.71,2.14,2.45,2.95,3.21
9/5/2014,0.02,0.03,0.05,0.1,0.52,0.99,1.69,2.14,2.46,2.97,3.23
9/8/2014,0.01,0.02,0.05,0.1,0.54,1.02,1.72,2.16,2.48,2.97,3.23
9/9/2014,0.01,0.02,0.05,0.11,0.56,1.06,1.76,2.19,2.5,2.97,3.23
9/10/2014,0.01,0.02,0.05,0.11,0.58,1.07,1.79,2.22,2.54,3.01,3.26
9/11/2014,0.01,0.02,0.05,0.11,0.58,1.07,1.79,2.22,2.54,3.02,3.27
9/12/2014,0.01,0.02,0.05,0.11,0.58,1.07,1.83,2.29,2.62,3.1,3.35
9/15/2014,0.01,0.02,0.05,0.11,0.58,1.06,1.8,2.26,2.6,3.09,3.34
9/16/2014,0.01,0.02,0.04,0.13,0.55,1.04,1.78,2.26,2.6,3.11,3.36
9/17/2014,0.01,0.02,0.05,0.12,0.59,1.08,1.82,2.29,2.62,3.12,3.37
9/18/2014,0.01,0.02,0.04,0.12,0.59,1.1,1.85,2.32,2.63,3.12,3.36
9/19/2014,0.01,0.02,0.04,0.11,0.59,1.09,1.83,2.29,2.59,3.05,3.29
9/22/2014,0,0.01,0.04,0.1,0.58,1.06,1.8,2.26,2.57,3.04,3.28
9/23/2014,0.01,0.01,0.04,0.1,0.57,1.05,1.78,2.23,2.54,3.01,3.25
9/24/2014,0.01,0.02,0.03,0.11,0.59,1.08,1.82,2.26,2.57,3.04,3.28
9/25/2014,0,0.01,0.03,0.1,0.56,1.03,1.75,2.21,2.52,2.98,3.22
9/26/2014,0.01,0.01,0.03,0.11,0.59,1.08,1.8,2.24,2.54,2.99,3.22
9/29/2014,0.01,0.02,0.05,0.11,0.58,1.06,1.77,2.21,2.5,2.95,3.18
9/30/2014,0.02,0.02,0.03,0.13,0.58,1.07,1.78,2.22,2.52,2.98,3.21
10/1/2014,0.01,0.02,0.04,0.1,0.53,1,1.69,2.12,2.42,2.87,3.12
10/2/2014,0.01,0.01,0.03,0.1,0.53,1.01,1.7,2.14,2.44,2.9,3.15
10/3/2014,0.01,0.01,0.03,0.11,0.57,1.05,1.73,2.16,2.45,2.89,3.13
10/6/2014,0.01,0.02,0.05,0.11,0.54,1.02,1.7,2.13,2.43,2.88,3.12
10/7/2014,0.02,0.02,0.04,0.1,0.52,0.98,1.64,2.06,2.36,2.81,3.06
10/8/2014,0.01,0.01,0.05,0.1,0.46,0.9,1.57,2.02,2.35,2.82,3.07
10/9/2014,0.02,0.01,0.05,0.1,0.46,0.91,1.58,2.02,2.34,2.81,3.07
10/10/2014,0.02,0.01,0.04,0.1,0.45,0.89,1.55,1.99,2.31,2.77,3.03
10/14/2014,0.03,0.02,0.04,0.09,0.39,0.8,1.45,1.88,2.21,2.68,2.95
10/15/2014,0.02,0.02,0.05,0.1,0.34,0.73,1.37,1.8,2.15,2.64,2.92
10/16/2014,0.04,0.03,0.05,0.1,0.35,0.75,1.39,1.82,2.17,2.66,2.94
10/17/2014,0.03,0.02,0.05,0.11,0.39,0.79,1.44,1.88,2.22,2.7,2.98
10/20/2014,0.03,0.02,0.06,0.1,0.37,0.76,1.41,1.85,2.2,2.68,2.96
10/21/2014,0.04,0.02,0.06,0.1,0.38,0.77,1.44,1.88,2.23,2.72,3
10/22/2014,0.04,0.02,0.06,0.11,0.41,0.8,1.46,1.9,2.25,2.73,3.01
10/23/2014,0.02,0.01,0.06,0.11,0.41,0.83,1.52,1.95,2.29,2.77,3.05
10/24/2014,0.02,0.01,0.06,0.11,0.41,0.82,1.52,1.96,2.29,2.77,3.05
10/27/2014,0.03,0.02,0.06,0.11,0.41,0.81,1.51,1.94,2.27,2.75,3.04
10/28/2014,0.02,0.02,0.05,0.11,0.42,0.84,1.53,1.97,2.3,2.79,3.06
10/29/2014,0.01,0.03,0.07,0.11,0.48,0.93,1.61,2.03,2.34,2.79,3.06
10/30/2014,0.01,0.01,0.06,0.11,0.48,0.91,1.58,2.02,2.32,2.77,3.04
10/31/2014,0.01,0.01,0.05,0.11,0.5,0.95,1.62,2.05,2.35,2.81,3.07
11/3/2014,0.03,0.02,0.07,0.12,0.52,0.96,1.63,2.05,2.36,2.8,3.07
11/4/2014,0.04,0.03,0.06,0.11,0.52,0.97,1.63,2.05,2.35,2.78,3.05
11/5/2014,0.04,0.03,0.07,0.11,0.52,0.97,1.63,2.05,2.36,2.79,3.06
11/6/2014,0.04,0.03,0.06,0.12,0.54,1.01,1.67,2.09,2.39,2.83,3.09
11/7/2014,0.04,0.03,0.06,0.12,0.51,0.95,1.6,2.01,2.32,2.76,3.04
11/10/2014,0.04,0.02,0.07,0.13,0.55,1,1.65,2.07,2.38,2.81,3.09
11/12/2014,0.05,0.02,0.07,0.14,0.55,1,1.65,2.06,2.37,2.81,3.09
11/13/2014,0.05,0.02,0.08,0.15,0.53,0.97,1.64,2.05,2.35,2.8,3.08
11/14/2014,0.04,0.02,0.07,0.15,0.54,0.96,1.62,2.02,2.32,2.77,3.04
11/17/2014,0.02,0.03,0.07,0.15,0.54,0.96,1.64,2.04,2.34,2.79,3.06
11/18/2014,0.04,0.02,0.07,0.14,0.53,0.96,1.63,2.03,2.32,2.77,3.05
11/19/2014,0.04,0.01,0.07,0.15,0.54,0.99,1.66,2.07,2.36,2.8,3.08
11/20/2014,0.04,0.02,0.07,0.14,0.53,0.97,1.64,2.05,2.34,2.78,3.05
11/21/2014,0.04,0.01,0.07,0.14,0.53,0.96,1.63,2.03,2.31,2.75,3.02
11/24/2014,0.04,0.02,0.08,0.14,0.53,0.95,1.62,2.02,2.3,2.74,3.01
11/25/2014,0.06,0.02,0.07,0.14,0.51,0.94,1.58,1.98,2.27,2.69,2.97
11/26/2014,0.06,0.02,0.07,0.14,0.53,0.93,1.56,1.96,2.24,2.67,2.95
11/28/2014,0.04,0.02,0.07,0.13,0.47,0.88,1.49,1.89,2.18,2.62,2.89
12/1/2014,0.01,0.03,0.08,0.13,0.49,0.9,1.52,1.93,2.22,2.66,2.95
12/2/2014,0.04,0.03,0.08,0.14,0.55,0.96,1.59,2,2.28,2.72,3
12/3/2014,0.03,0.01,0.07,0.15,0.57,0.98,1.61,2.01,2.29,2.71,2.99
12/4/2014,0.03,0.02,0.08,0.14,0.55,0.97,1.59,1.98,2.25,2.66,2.94
12/5/2014,0.02,0.02,0.08,0.18,0.65,1.09,1.69,2.06,2.31,2.69,2.97
12/8/2014,0.03,0.03,0.1,0.18,0.64,1.1,1.67,2.02,2.26,2.62,2.9
12/9/2014,0.05,0.04,0.11,0.23,0.64,1.07,1.63,1.97,2.22,2.58,2.87
12/10/2014,0.05,0.03,0.1,0.21,0.59,1.01,1.58,1.92,2.18,2.54,2.83
12/11/2014,0.02,0.03,0.09,0.21,0.62,1.05,1.62,1.96,2.19,2.54,2.84
12/12/2014,0.02,0.02,0.09,0.19,0.56,0.98,1.53,1.86,2.1,2.45,2.75
12/15/2014,0.02,0.04,0.11,0.22,0.6,1.03,1.58,1.9,2.12,2.45,2.74
12/16/2014,0.03,0.03,0.11,0.21,0.58,0.99,1.53,1.85,2.07,2.4,2.69
12/17/2014,0.03,0.03,0.11,0.23,0.62,1.06,1.61,1.93,2.14,2.46,2.74
12/18/2014,0.04,0.04,0.12,0.25,0.67,1.1,1.68,2.01,2.22,2.54,2.82
12/19/2014,0.01,0.04,0.11,0.26,0.67,1.1,1.66,1.98,2.17,2.48,2.77
12/22/2014,0.01,0.05,0.16,0.28,0.71,1.13,1.67,1.98,2.17,2.47,2.75
12/23/2014,0.02,0.03,0.14,0.26,0.73,1.17,1.76,2.06,2.26,2.57,2.85
12/24/2014,0.01,0.01,0.14,0.26,0.73,1.18,1.76,2.09,2.27,2.56,2.83
12/26/2014,0.01,0.01,0.1,0.26,0.73,1.19,1.75,2.07,2.25,2.54,2.81
12/29/2014,0.01,0.03,0.12,0.25,0.72,1.14,1.72,2.02,2.22,2.51,2.78
12/30/2014,0.03,0.03,0.12,0.23,0.69,1.11,1.68,2,2.2,2.49,2.76
12/31/2014,0.03,0.04,0.12,0.25,0.67,1.1,1.65,1.97,2.17,2.47,2.75
1/2/2015,0.02,0.02,0.11,0.25,0.66,1.07,1.61,1.92,2.12,2.41,2.69
1/5/2015,0.02,0.03,0.1,0.26,0.68,1.06,1.57,1.85,2.04,2.32,2.6
1/6/2015,0.02,0.03,0.1,0.25,0.65,1.02,1.5,1.78,1.97,2.25,2.52
1/7/2015,0.02,0.03,0.09,0.25,0.62,1,1.47,1.76,1.96,2.25,2.52
1/8/2015,0.01,0.03,0.08,0.23,0.62,1,1.5,1.81,2.03,2.33,2.59
1/9/2015,0.02,0.02,0.08,0.22,0.59,0.96,1.45,1.75,1.98,2.29,2.55
1/12/2015,0.02,0.03,0.09,0.19,0.56,0.91,1.39,1.69,1.92,2.23,2.49
1/13/2015,0.02,0.03,0.08,0.2,0.54,0.88,1.37,1.67,1.91,2.24,2.49
1/14/2015,0.02,0.04,0.09,0.18,0.51,0.83,1.33,1.62,1.86,2.2,2.47
1/15/2015,0.03,0.03,0.08,0.16,0.44,0.75,1.22,1.53,1.77,2.12,2.4
1/16/2015,0.02,0.03,0.07,0.17,0.49,0.8,1.29,1.6,1.83,2.17,2.44
1/20/2015,0.01,0.03,0.08,0.17,0.53,0.85,1.31,1.61,1.82,2.15,2.39
1/21/2015,0.01,0.03,0.08,0.17,0.53,0.87,1.35,1.66,1.87,2.2,2.44
1/22/2015,0.02,0.03,0.08,0.17,0.53,0.9,1.39,1.69,1.9,2.21,2.46
1/23/2015,0.02,0.02,0.07,0.17,0.52,0.86,1.33,1.62,1.81,2.12,2.38
1/26/2015,0.02,0.03,0.08,0.18,0.54,0.89,1.36,1.64,1.83,2.14,2.4
1/27/2015,0.02,0.02,0.08,0.17,0.54,0.87,1.34,1.62,1.83,2.15,2.4
1/28/2015,0.02,0.02,0.08,0.17,0.5,0.81,1.25,1.53,1.73,2.05,2.29
1/29/2015,0.01,0.03,0.07,0.17,0.51,0.84,1.28,1.59,1.77,2.11,2.33
1/30/2015,0.01,0.02,0.07,0.18,0.47,0.77,1.18,1.49,1.68,2.04,2.25
2/2/2015,0.01,0.02,0.07,0.17,0.49,0.78,1.19,1.49,1.68,2.07,2.25
2/3/2015,0.02,0.02,0.07,0.21,0.52,0.85,1.28,1.6,1.79,2.16,2.37
2/4/2015,0.01,0.01,0.06,0.2,0.52,0.86,1.29,1.61,1.81,2.17,2.39
2/5/2015,0.02,0.02,0.06,0.2,0.52,0.87,1.3,1.62,1.83,2.2,2.42
2/6/2015,0.01,0.02,0.07,0.26,0.65,1.03,1.48,1.77,1.95,2.28,2.51
2/9/2015,0.02,0.01,0.08,0.24,0.65,1.04,1.49,1.78,1.96,2.28,2.52
2/10/2015,0.02,0.01,0.08,0.25,0.67,1.05,1.52,1.82,2.01,2.33,2.58
2/11/2015,0.02,0.01,0.07,0.24,0.67,1.06,1.53,1.83,2,2.33,2.57
2/12/2015,0.02,0.02,0.07,0.23,0.61,1.02,1.5,1.81,1.99,2.33,2.58
2/13/2015,0.02,0.01,0.07,0.23,0.66,1.03,1.53,1.84,2.02,2.39,2.63
2/17/2015,0.02,0.02,0.07,0.25,0.7,1.1,1.62,1.95,2.14,2.49,2.73
2/18/2015,0.02,0.02,0.07,0.23,0.62,1,1.52,1.86,2.07,2.46,2.7
2/19/2015,0.02,0.02,0.07,0.23,0.67,1.05,1.58,1.92,2.11,2.5,2.73
2/20/2015,0.02,0.02,0.07,0.23,0.67,1.07,1.61,1.94,2.13,2.5,2.73
2/23/2015,0.01,0.02,0.08,0.22,0.64,1.03,1.56,1.88,2.06,2.44,2.66
2/24/2015,0.02,0.02,0.08,0.22,0.6,0.97,1.47,1.79,1.99,2.38,2.6
2/25/2015,0.02,0.02,0.07,0.21,0.61,0.98,1.47,1.78,1.96,2.35,2.56
2/26/2015,0.02,0.03,0.07,0.22,0.66,1.04,1.54,1.86,2.03,2.39,2.63
2/27/2015,0.02,0.02,0.07,0.22,0.63,1.01,1.5,1.82,2,2.38,2.6
3/2/2015,0.02,0.02,0.08,0.22,0.66,1.06,1.57,1.89,2.08,2.46,2.68
3/3/2015,0.01,0.02,0.08,0.26,0.68,1.09,1.61,1.94,2.12,2.49,2.71
3/4/2015,0.01,0.01,0.08,0.26,0.66,1.07,1.6,1.93,2.12,2.49,2.72
3/5/2015,0.02,0.02,0.08,0.25,0.65,1.05,1.57,1.9,2.11,2.49,2.71
3/6/2015,0.02,0.01,0.08,0.27,0.73,1.16,1.7,2.04,2.24,2.63,2.83
3/9/2015,0.01,0.02,0.1,0.27,0.7,1.13,1.66,1.99,2.2,2.58,2.8
3/10/2015,0.03,0.02,0.1,0.25,0.7,1.1,1.62,1.94,2.14,2.51,2.73
3/11/2015,0.03,0.03,0.1,0.25,0.7,1.09,1.6,1.92,2.11,2.47,2.69
3/12/2015,0.03,0.03,0.1,0.24,0.67,1.06,1.59,1.91,2.1,2.47,2.69
3/13/2015,0.03,0.03,0.11,0.24,0.68,1.07,1.6,1.93,2.13,2.48,2.7
3/16/2015,0.02,0.05,0.15,0.26,0.66,1.06,1.57,1.9,2.1,2.45,2.67
3/17/2015,0.05,0.05,0.15,0.27,0.7,1.07,1.56,1.87,2.06,2.4,2.61
3/18/2015,0.02,0.03,0.12,0.23,0.57,0.92,1.41,1.73,1.93,2.31,2.51
3/19/2015,0.02,0.03,0.12,0.26,0.63,0.99,1.48,1.79,1.98,2.33,2.54
3/20/2015,0,0.01,0.11,0.24,0.6,0.95,1.42,1.73,1.93,2.29,2.5
3/23/2015,0.02,0.03,0.11,0.24,0.6,0.93,1.41,1.71,1.92,2.29,2.51
3/24/2015,0.03,0.02,0.11,0.24,0.58,0.91,1.37,1.68,1.88,2.24,2.46
3/25/2015,0.02,0.04,0.11,0.25,0.59,0.94,1.41,1.73,1.93,2.28,2.5
3/26/2015,0.02,0.03,0.13,0.28,0.61,0.98,1.47,1.81,2.01,2.37,2.6
3/27/2015,0.02,0.04,0.12,0.27,0.58,0.92,1.42,1.74,1.95,2.29,2.53
3/30/2015,0.02,0.04,0.14,0.27,0.58,0.93,1.41,1.74,1.96,2.32,2.55
3/31/2015,0.05,0.03,0.14,0.26,0.56,0.89,1.37,1.71,1.94,2.31,2.54
4/1/2015,0.02,0.03,0.12,0.27,0.55,0.86,1.32,1.65,1.87,2.23,2.47
4/2/2015,0.02,0.02,0.1,0.25,0.55,0.87,1.35,1.69,1.92,2.29,2.53
4/3/2015,0.04,0.02,0.1,0.21,0.49,0.8,1.26,1.6,1.85,2.24,2.49
4/6/2015,0.02,0.03,0.1,0.21,0.51,0.83,1.31,1.67,1.92,2.31,2.57
4/7/2015,0.02,0.02,0.1,0.22,0.52,0.85,1.32,1.66,1.89,2.27,2.52
4/8/2015,0.02,0.03,0.1,0.22,0.54,0.86,1.35,1.68,1.92,2.28,2.53
4/9/2015,0.02,0.03,0.1,0.22,0.56,0.89,1.4,1.73,1.97,2.35,2.61
4/10/2015,0.01,0.02,0.09,0.24,0.57,0.91,1.41,1.73,1.96,2.33,2.58
4/13/2015,0.02,0.03,0.11,0.23,0.54,0.89,1.38,1.71,1.94,2.33,2.58
4/14/2015,0.02,0.02,0.1,0.23,0.53,0.85,1.34,1.67,1.9,2.29,2.54
4/15/2015,0.02,0.02,0.08,0.23,0.51,0.85,1.33,1.66,1.91,2.3,2.55
4/16/2015,0.03,0.02,0.08,0.22,0.5,0.81,1.31,1.64,1.9,2.31,2.56
4/17/2015,0.03,0.01,0.08,0.23,0.51,0.84,1.31,1.63,1.87,2.26,2.51
4/20/2015,0.03,0.03,0.1,0.24,0.55,0.86,1.33,1.65,1.9,2.31,2.56
4/21/2015,0.02,0.03,0.09,0.23,0.55,0.86,1.35,1.67,1.92,2.33,2.58
4/22/2015,0.01,0.03,0.1,0.23,0.57,0.91,1.41,1.75,1.99,2.42,2.66
4/23/2015,0.01,0.03,0.09,0.24,0.55,0.87,1.37,1.7,1.96,2.38,2.63
4/24/2015,0.03,0.03,0.1,0.24,0.54,0.84,1.34,1.68,1.93,2.36,2.62
4/27/2015,0.01,0.02,0.1,0.25,0.54,0.87,1.36,1.69,1.94,2.36,2.61
4/28/2015,0,0.02,0.09,0.24,0.56,0.9,1.39,1.75,2,2.42,2.68
4/29/2015,0,0.01,0.07,0.25,0.56,0.91,1.43,1.8,2.06,2.49,2.76
4/30/2015,0,0.01,0.06,0.24,0.58,0.91,1.43,1.79,2.05,2.49,2.75
5/1/2015,0,0.01,0.05,0.25,0.6,0.97,1.5,1.87,2.12,2.57,2.82
5/4/2015,0.01,0.02,0.08,0.25,0.6,0.96,1.51,1.9,2.16,2.62,2.88
5/5/2015,0.01,0.01,0.08,0.24,0.62,1,1.54,1.92,2.19,2.64,2.9
5/6/2015,0.02,0.02,0.08,0.25,0.65,1.03,1.58,1.97,2.25,2.72,2.98
5/7/2015,0.01,0.01,0.08,0.24,0.63,1.02,1.55,1.93,2.18,2.63,2.9
5/8/2015,0.01,0.01,0.08,0.23,0.59,0.96,1.5,1.89,2.16,2.63,2.9
5/11/2015,0.02,0.02,0.09,0.25,0.62,1.02,1.59,2,2.28,2.76,3.03
5/12/2015,0.01,0.03,0.09,0.25,0.61,1,1.58,2,2.28,2.75,3.02
5/13/2015,0.02,0.02,0.09,0.24,0.59,0.97,1.57,2,2.27,2.79,3.07
5/14/2015,0,0.01,0.08,0.23,0.56,0.91,1.51,1.94,2.23,2.76,3.03
5/15/2015,0.02,0.02,0.09,0.23,0.55,0.9,1.46,1.87,2.14,2.66,2.93
5/18/2015,0.01,0.02,0.08,0.22,0.58,0.95,1.54,1.95,2.23,2.75,3.02
5/19/2015,0.02,0.02,0.07,0.23,0.63,1.01,1.6,2.01,2.27,2.79,3.05
5/20/2015,0.02,0.02,0.08,0.23,0.6,0.98,1.57,1.98,2.26,2.79,3.06
5/21/2015,0.02,0.02,0.07,0.22,0.6,0.95,1.53,1.92,2.19,2.71,2.98
5/22/2015,0.01,0.02,0.08,0.23,0.64,1.01,1.57,1.96,2.21,2.73,2.99
5/26/2015,0.01,0.02,0.09,0.24,0.64,0.99,1.54,1.9,2.14,2.64,2.89
5/27/2015,0.02,0.01,0.09,0.27,0.64,1,1.53,1.9,2.14,2.63,2.88
5/28/2015,0.01,0.01,0.08,0.26,0.62,0.97,1.51,1.89,2.13,2.64,2.89
5/29/2015,0.01,0.01,0.06,0.26,0.61,0.94,1.49,1.86,2.12,2.63,2.88
6/1/2015,0.02,0.02,0.07,0.26,0.64,0.99,1.55,1.93,2.19,2.69,2.94
