Date,Volatility Index,3mnth TR,CPI,Oil
1/4/2010,20.040001,0.08,217.488,81.52
1/5/2010,19.35,0.07,217.488,81.74
1/6/2010,19.16,0.06,217.488,83.12
1/7/2010,19.059999,0.05,217.488,82.6
1/8/2010,18.129999,0.05,217.488,82.74
1/11/2010,17.549999,0.04,217.488,82.54
1/12/2010,18.25,0.05,217.488,80.79
1/13/2010,17.85,0.06,217.488,79.66
1/14/2010,17.629999,0.05,217.488,79.35
1/15/2010,17.91,0.06,217.488,77.96
1/19/2010,17.58,0.06,217.488,78.98
1/20/2010,18.68,0.05,217.488,77.42
1/21/2010,22.27,0.06,217.488,75.84
1/22/2010,27.309999,0.06,217.488,74.25
1/25/2010,25.41,0.06,217.488,74.9
1/26/2010,24.549999,0.07,217.488,74.67
1/27/2010,23.139999,0.08,217.488,73.64
1/28/2010,23.73,0.08,217.488,73.62
1/29/2010,24.620001,0.08,217.488,72.85
2/1/2010,22.59,0.1,217.281,74.41
2/2/2010,21.48,0.1,217.281,77.21
2/3/2010,21.6,0.1,217.281,76.96
2/4/2010,26.08,0.09,217.281,73.13
2/5/2010,26.110001,0.1,217.281,71.15
2/8/2010,26.51,0.12,217.281,71.87
2/9/2010,26,0.12,217.281,73.71
2/10/2010,25.4,0.11,217.281,74.48
2/11/2010,23.959999,0.11,217.281,75.23
2/12/2010,22.73,0.1,217.281,74.11
2/16/2010,22.25,0.1,217.281,76.98
2/17/2010,21.719999,0.1,217.281,77.27
2/18/2010,20.629999,0.1,217.281,78.97
2/19/2010,20.02,0.11,217.281,79.77
2/22/2010,19.940001,0.11,217.281,80.04
2/23/2010,21.370001,0.12,217.281,78.61
2/24/2010,20.27,0.12,217.281,79.75
2/25/2010,20.1,0.13,217.281,77.99
2/26/2010,19.5,0.13,217.281,79.72
3/1/2010,19.26,0.13,217.353,78.71
3/2/2010,19.059999,0.14,217.353,79.62
3/3/2010,18.83,0.14,217.353,80.91
3/4/2010,18.719999,0.14,217.353,80.21
3/5/2010,17.42,0.15,217.353,81.5
3/8/2010,17.790001,0.16,217.353,81.85
3/9/2010,17.92,0.16,217.353,81.5
3/10/2010,18.57,0.15,217.353,82.07
3/11/2010,18.059999,0.16,217.353,82.1
3/12/2010,17.58,0.15,217.353,81.26
3/15/2010,18,0.17,217.353,79.79
3/16/2010,17.690001,0.16,217.353,81.75
3/17/2010,16.91,0.15,217.353,82.93
3/18/2010,16.620001,0.16,217.353,82.16
3/19/2010,16.969999,0.16,217.353,80.58
3/22/2010,16.870001,0.15,217.353,81.26
3/23/2010,16.35,0.14,217.353,81.68
3/24/2010,17.549999,0.14,217.353,80.29
3/25/2010,18.4,0.14,217.353,80.25
3/26/2010,17.77,0.14,217.353,79.75
3/29/2010,17.59,0.15,217.353,81.92
3/30/2010,17.129999,0.16,217.353,82.14
3/31/2010,17.59,0.16,217.353,83.45
4/1/2010,17.469999,0.16,217.403,84.53
4/5/2010,17.02,0.18,217.403,86.36
4/6/2010,16.23,0.17,217.403,86.54
4/7/2010,16.620001,0.17,217.403,85.64
4/8/2010,16.48,0.17,217.403,85.17
4/9/2010,16.139999,0.16,217.403,84.6
4/12/2010,15.58,0.16,217.403,84.07
4/13/2010,16.200001,0.16,217.403,83.8
4/14/2010,15.59,0.16,217.403,85.62
4/15/2010,15.89,0.16,217.403,85.25
4/16/2010,18.360001,0.16,217.403,82.97
4/19/2010,17.34,0.16,217.403,81.52
4/20/2010,15.73,0.16,217.403,82.98
4/21/2010,16.32,0.15,217.403,82.78
4/22/2010,16.469999,0.16,217.403,82.89
4/23/2010,16.620001,0.16,217.403,84.34
4/26/2010,17.469999,0.16,217.403,84.2
4/27/2010,22.809999,0.16,217.403,82.43
4/28/2010,21.08,0.16,217.403,83.22
4/29/2010,18.440001,0.17,217.403,85.17
4/30/2010,22.049999,0.16,217.403,86.07
5/3/2010,20.190001,0.17,217.29,86.19
5/4/2010,23.84,0.16,217.29,82.73
5/5/2010,24.91,0.15,217.29,80
5/6/2010,32.799999,0.11,217.29,77.18
5/7/2010,40.950001,0.13,217.29,75.1
5/10/2010,28.84,0.16,217.29,76.89
5/11/2010,28.32,0.16,217.29,76.37
5/12/2010,25.52,0.16,217.29,75.65
5/13/2010,26.68,0.16,217.29,74.38
5/14/2010,31.24,0.16,217.29,71.61
5/17/2010,30.84,0.16,217.29,70.08
5/18/2010,33.549999,0.17,217.29,69.38
5/19/2010,35.32,0.17,217.29,69.91
5/20/2010,45.790001,0.17,217.29,68.28
5/21/2010,40.099998,0.17,217.29,68.03
5/24/2010,38.32,0.17,217.29,68.23
5/25/2010,34.610001,0.17,217.29,64.78
5/26/2010,35.02,0.17,217.29,71.52
5/27/2010,29.68,0.17,217.29,74.56
5/28/2010,32.07,0.16,217.29,74
6/1/2010,35.540001,0.16,217.199,72.7
6/2/2010,30.17,0.16,217.199,72.88
6/3/2010,29.459999,0.14,217.199,74.62
6/4/2010,35.48,0.14,217.199,71.43
6/7/2010,36.57,0.12,217.199,71.55
6/8/2010,33.700001,0.12,217.199,71.88
6/9/2010,33.73,0.1,217.199,74.38
6/10/2010,30.57,0.1,217.199,75.48
6/11/2010,28.790001,0.08,217.199,73.89
6/14/2010,28.58,0.07,217.199,74.99
6/15/2010,25.870001,0.09,217.199,76.84
6/16/2010,25.92,0.1,217.199,77.67
6/17/2010,25.049999,0.09,217.199,76.82
6/18/2010,23.950001,0.11,217.199,77.18
6/21/2010,24.879999,0.12,217.199,77.84
6/22/2010,27.049999,0.13,217.199,77.15
6/23/2010,26.91,0.13,217.199,75.9
6/24/2010,29.74,0.13,217.199,75.96
6/25/2010,28.530001,0.13,217.199,78.45
6/28/2010,29,0.17,217.199,78.26
6/29/2010,34.130001,0.15,217.199,75.93
6/30/2010,34.540001,0.18,217.199,75.59
7/1/2010,32.860001,0.17,217.605,72.95
7/2/2010,30.120001,0.17,217.605,72.06
7/6/2010,29.65,0.17,217.605,71.96
7/7/2010,26.84,0.16,217.605,74.05
7/8/2010,25.709999,0.15,217.605,75.46
7/9/2010,24.98,0.16,217.605,76.08
7/12/2010,24.43,0.16,217.605,74.93
7/13/2010,24.559999,0.15,217.605,77.16
7/14/2010,24.889999,0.15,217.605,77.02
7/15/2010,25.139999,0.15,217.605,76.67
7/16/2010,26.25,0.15,217.605,75.96
7/19/2010,25.969999,0.17,217.605,76.53
7/20/2010,23.93,0.16,217.605,77.32
7/21/2010,25.639999,0.16,217.605,76.27
7/22/2010,24.629999,0.16,217.605,79.01
7/23/2010,23.469999,0.16,217.605,78.68
7/26/2010,22.780001,0.16,217.605,78.93
7/27/2010,23.190001,0.15,217.605,77.46
7/28/2010,24.25,0.15,217.605,77.06
7/29/2010,24.129999,0.15,217.605,78.3
7/30/2010,23.5,0.15,217.605,78.85
8/2/2010,22.01,0.16,217.923,81.25
8/3/2010,22.629999,0.16,217.923,82.52
8/4/2010,22.209999,0.16,217.923,82.49
8/5/2010,22.1,0.15,217.923,82
8/6/2010,21.74,0.15,217.923,80.67
8/9/2010,22.139999,0.15,217.923,81.46
8/10/2010,22.370001,0.15,217.923,80.24
8/11/2010,25.389999,0.15,217.923,78.09
8/12/2010,25.73,0.16,217.923,75.68
8/13/2010,26.24,0.15,217.923,75.39
8/16/2010,26.1,0.16,217.923,75.17
8/17/2010,24.33,0.17,217.923,75.76
8/18/2010,24.59,0.16,217.923,75.39
8/19/2010,26.440001,0.16,217.923,74.45
8/20/2010,25.49,0.15,217.923,73.45
8/23/2010,25.66,0.16,217.923,72.71
8/24/2010,27.459999,0.16,217.923,71.24
8/25/2010,26.700001,0.16,217.923,72.07
8/26/2010,27.370001,0.16,217.923,73.36
8/27/2010,24.450001,0.15,217.923,75.17
8/30/2010,27.209999,0.14,217.923,74.69
8/31/2010,26.049999,0.14,217.923,71.93
9/1/2010,23.889999,0.13,218.275,73.97
9/2/2010,23.190001,0.14,218.275,74.99
9/3/2010,21.309999,0.14,218.275,74.52
9/7/2010,23.799999,0.14,218.275,73.98
9/8/2010,23.25,0.14,218.275,74.65
9/9/2010,22.809999,0.14,218.275,74.25
9/10/2010,21.99,0.14,218.275,76.4
9/13/2010,21.209999,0.15,218.275,77.17
9/14/2010,21.559999,0.15,218.275,76.78
9/15/2010,22.1,0.15,218.275,75.92
9/16/2010,21.719999,0.16,218.275,74.58
9/17/2010,22.01,0.16,218.275,73.63
9/20/2010,21.5,0.17,218.275,74.81
9/21/2010,22.35,0.17,218.275,72.96
9/22/2010,22.51,0.16,218.275,72.98
9/23/2010,23.870001,0.16,218.275,73.4
9/24/2010,21.709999,0.15,218.275,74.63
9/27/2010,22.540001,0.16,218.275,76.51
9/28/2010,22.6,0.16,218.275,76.15
9/29/2010,23.25,0.16,218.275,77.85
9/30/2010,23.700001,0.16,218.275,79.95
10/1/2010,22.5,0.16,219.035,81.57
10/4/2010,23.530001,0.13,219.035,81.43
10/5/2010,21.76,0.12,219.035,82.83
10/6/2010,21.49,0.13,219.035,83.21
10/7/2010,21.559999,0.13,219.035,81.34
10/8/2010,20.709999,0.12,219.035,82.66
10/11/2010,18.959999,0.12,219.035,82.18
10/12/2010,18.93,0.13,219.035,81.67
10/13/2010,19.07,0.13,219.035,83.03
10/14/2010,19.879999,0.14,219.035,82.71
10/15/2010,19.030001,0.14,219.035,81.23
10/18/2010,19.09,0.15,219.035,83.06
10/19/2010,20.629999,0.14,219.035,79.57
10/20/2010,19.790001,0.14,219.035,81.93
10/21/2010,19.27,0.13,219.035,80.03
10/22/2010,18.780001,0.13,219.035,81.15
10/25/2010,19.85,0.14,219.035,82
10/26/2010,20.219999,0.14,219.035,82.6
10/27/2010,20.709999,0.14,219.035,81.9
10/28/2010,20.879999,0.13,219.035,82.2
10/29/2010,21.200001,0.12,219.035,81.45
11/1/2010,21.83,0.13,219.59,82.94
11/2/2010,21.57,0.13,219.59,83.91
11/3/2010,19.559999,0.13,219.59,84.45
11/4/2010,18.52,0.13,219.59,86.49
11/5/2010,18.26,0.13,219.59,86.85
11/8/2010,18.290001,0.13,219.59,87.07
11/9/2010,19.08,0.13,219.59,87.04
11/10/2010,18.469999,0.13,219.59,87.77
11/11/2010,18.639999,0.13,219.59,87.77
11/12/2010,20.610001,0.13,219.59,84.89
11/15/2010,20.200001,0.14,219.59,84.88
11/16/2010,22.58,0.15,219.59,82.33
11/17/2010,21.76,0.14,219.59,80.43
11/18/2010,18.75,0.15,219.59,81.88
11/19/2010,18.040001,0.14,219.59,81.65
11/22/2010,18.370001,0.15,219.59,81.24
11/23/2010,20.629999,0.15,219.59,80.79
11/24/2010,19.559999,0.16,219.59,83.21
11/26/2010,22.219999,0.16,219.59,83.87
11/29/2010,21.530001,0.18,219.59,85.73
11/30/2010,23.540001,0.17,219.59,84.12
12/1/2010,21.360001,0.16,220.472,86.75
12/2/2010,19.389999,0.16,220.472,87.98
12/3/2010,18.01,0.14,220.472,89.18
12/6/2010,18.02,0.15,220.472,89.33
12/7/2010,17.99,0.14,220.472,88.69
12/8/2010,17.74,0.15,220.472,88.3
12/9/2010,17.25,0.14,220.472,88.35
12/10/2010,17.610001,0.13,220.472,87.81
12/13/2010,17.549999,0.15,220.472,88.62
12/14/2010,17.610001,0.15,220.472,88.33
12/15/2010,17.940001,0.14,220.472,88.66
12/16/2010,17.389999,0.13,220.472,87.71
12/17/2010,16.110001,0.11,220.472,88.02
12/20/2010,16.41,0.14,220.472,88.68
12/21/2010,16.49,0.14,220.472,89.3
12/22/2010,15.45,0.14,220.472,89.83
12/23/2010,16.469999,0.14,220.472,90.84
12/27/2010,17.67,0.17,220.472,90.99
12/28/2010,17.52,0.15,220.472,91.48
12/29/2010,17.280001,0.13,220.472,91.13
12/30/2010,17.52,0.12,220.472,89.85
12/31/2010,17.75,0.12,220.472,91.38
1/3/2011,17.610001,0.15,221.148,91.59
1/4/2011,17.379999,0.14,221.148,89.39
1/5/2011,17.02,0.14,221.148,90.3
1/6/2011,17.4,0.15,221.148,88.37
1/7/2011,17.139999,0.14,221.148,88.07
1/10/2011,17.540001,0.15,221.148,89.24
1/11/2011,16.889999,0.15,221.148,91.11
1/12/2011,16.24,0.15,221.148,91.85
1/13/2011,16.389999,0.15,221.148,91.39
1/14/2011,15.46,0.15,221.148,91.53
1/18/2011,15.87,0.16,221.148,91.38
1/19/2011,17.309999,0.16,221.148,90.85
1/20/2011,17.99,0.16,221.148,88.56
1/21/2011,18.469999,0.16,221.148,88.22
1/24/2011,17.65,0.16,221.148,86.74
1/25/2011,17.59,0.16,221.148,85.08
1/26/2011,16.639999,0.16,221.148,86.15
1/27/2011,16.15,0.15,221.148,84.45
1/28/2011,20.040001,0.15,221.148,88.15
1/31/2011,19.530001,0.15,221.148,90.99
2/1/2011,17.629999,0.15,221.904,89.54
2/2/2011,17.299999,0.16,221.904,89.78
2/3/2011,16.690001,0.14,221.904,89.42
2/4/2011,15.93,0.15,221.904,87.87
2/7/2011,16.280001,0.16,221.904,86.3
2/8/2011,15.81,0.15,221.904,85.85
2/9/2011,15.87,0.14,221.904,85.59
2/10/2011,16.09,0.12,221.904,85.44
2/11/2011,15.69,0.12,221.904,84.39
2/14/2011,15.95,0.13,221.904,83.66
2/15/2011,16.370001,0.13,221.904,83.13
2/16/2011,16.719999,0.12,221.904,83.8
2/17/2011,16.59,0.09,221.904,85.05
2/18/2011,16.43,0.1,221.904,85.03
2/22/2011,20.799999,0.12,221.904,92.65
2/23/2011,22.129999,0.12,221.904,96.04
2/24/2011,21.32,0.13,221.904,95.83
2/25/2011,19.219999,0.13,221.904,96.52
2/28/2011,18.35,0.15,221.904,97.1
3/1/2011,21.01,0.14,223.044,99.63
3/2/2011,20.700001,0.13,223.044,102.27
3/3/2011,18.6,0.13,223.044,101.92
3/4/2011,19.059999,0.12,223.044,104.34
3/7/2011,20.66,0.11,223.044,105.37
3/8/2011,19.82,0.11,223.044,105.06
3/9/2011,20.219999,0.1,223.044,104.39
3/10/2011,21.790001,0.08,223.044,102.73
3/11/2011,20.08,0.08,223.044,101.14
3/14/2011,21.129999,0.09,223.044,101.2
3/15/2011,24.32,0.1,223.044,97.23
3/16/2011,29.4,0.1,223.044,97.99
3/17/2011,26.370001,0.08,223.044,101.47
3/18/2011,24.440001,0.07,223.044,101.06
3/21/2011,20.610001,0.1,223.044,102.36
3/22/2011,20.209999,0.1,223.044,104.53
3/23/2011,19.17,0.09,223.044,105.21
3/24/2011,18,0.09,223.044,105.04
3/25/2011,17.91,0.09,223.044,104.89
3/28/2011,19.440001,0.11,223.044,103.54
3/29/2011,18.16,0.1,223.044,104.34
3/30/2011,17.709999,0.1,223.044,103.8
3/31/2011,17.74,0.09,223.044,106.19
4/1/2011,17.4,0.07,224.06,107.55
4/4/2011,17.5,0.06,224.06,108.14
4/5/2011,17.25,0.07,224.06,107.82
4/6/2011,16.9,0.06,224.06,108.38
4/7/2011,17.110001,0.04,224.06,109.82
4/8/2011,17.870001,0.04,224.06,112.27
4/11/2011,16.59,0.05,224.06,109.5
4/12/2011,17.09,0.05,224.06,105.75
4/13/2011,16.92,0.06,224.06,106.6
4/14/2011,16.27,0.07,224.06,107.73
4/15/2011,15.32,0.07,224.06,109.17
4/18/2011,16.959999,0.07,224.06,106.7
4/19/2011,15.83,0.06,224.06,107.18
4/20/2011,15.07,0.06,224.06,110.84
4/21/2011,14.69,0.06,224.06,111.72
4/25/2011,15.77,0.07,224.06,111.68
4/26/2011,15.62,0.07,224.06,111.72
4/27/2011,15.35,0.06,224.06,112.31
4/28/2011,14.62,0.04,224.06,112.38
4/29/2011,14.75,0.04,224.06,113.39
5/2/2011,15.99,0.05,224.869,113.03
5/3/2011,16.700001,0.03,224.869,110.6
5/4/2011,17.08,0.03,224.869,108.79
5/5/2011,18.200001,0.02,224.869,99.89
5/6/2011,18.4,0.02,224.869,96.87
5/9/2011,17.16,0.03,224.869,100.32
5/10/2011,15.91,0.03,224.869,103.39
5/11/2011,16.950001,0.03,224.869,97.88
5/12/2011,16.030001,0.02,224.869,98.53
5/13/2011,17.07,0.03,224.869,99.21
5/16/2011,18.24,0.04,224.869,96.91
5/17/2011,17.549999,0.04,224.869,96.4
5/18/2011,16.23,0.05,224.869,99.52
5/19/2011,15.52,0.05,224.869,97.99
5/20/2011,17.43,0.05,224.869,99.15
5/23/2011,18.27,0.06,224.869,97.06
5/24/2011,17.82,0.06,224.869,99.13
5/25/2011,17.07,0.06,224.869,100.78
5/26/2011,16.09,0.05,224.869,100.18
5/27/2011,15.98,0.05,224.869,100.58
5/31/2011,15.45,0.06,224.869,102.7
6/1/2011,18.299999,0.05,224.841,100.3
6/2/2011,18.09,0.04,224.841,100.41
6/3/2011,17.950001,0.04,224.841,100.28
6/6/2011,18.49,0.05,224.841,99.07
6/7/2011,18.07,0.05,224.841,99.18
6/8/2011,18.790001,0.04,224.841,100.77
6/9/2011,17.77,0.05,224.841,101.95
6/10/2011,18.860001,0.05,224.841,99.3
6/13/2011,19.610001,0.05,224.841,97.2
6/14/2011,18.26,0.05,224.841,99.37
6/15/2011,21.32,0.05,224.841,94.83
6/16/2011,22.73,0.05,224.841,94.95
6/17/2011,21.85,0.04,224.841,93.02
6/20/2011,19.99,0.03,224.841,93.23
6/21/2011,18.860001,0.03,224.841,93.7
6/22/2011,18.52,0.02,224.841,94.96
6/23/2011,19.290001,0.01,224.841,90.7
6/24/2011,21.1,0.02,224.841,90.89
6/27/2011,20.559999,0.02,224.841,90.65
6/28/2011,19.17,0.03,224.841,92.9
6/29/2011,17.27,0.02,224.841,94.85
6/30/2011,16.52,0.03,224.841,95.3
7/1/2011,15.87,0.02,225.419,94.81
7/5/2011,16.059999,0.02,225.419,96.92
7/6/2011,16.34,0.01,225.419,96.67
7/7/2011,15.95,0.03,225.419,98.7
7/8/2011,15.95,0.03,225.419,96.2
7/11/2011,18.389999,0.03,225.419,95.16
7/12/2011,19.870001,0.03,225.419,97.41
7/13/2011,19.91,0.01,225.419,98.04
7/14/2011,20.799999,0.01,225.419,95.75
7/15/2011,19.530001,0.02,225.419,97.24
7/18/2011,20.950001,0.02,225.419,95.94
7/19/2011,19.209999,0.03,225.419,97.49
7/20/2011,19.09,0.02,225.419,98.11
7/21/2011,17.559999,0.05,225.419,98.96
7/22/2011,17.52,0.05,225.419,99.53
7/25/2011,19.35,0.05,225.419,98.97
7/26/2011,20.23,0.07,225.419,99.61
7/27/2011,22.98,0.08,225.419,97.4
7/28/2011,23.74,0.07,225.419,97.48
7/29/2011,25.25,0.1,225.419,95.68
8/1/2011,23.66,0.1,226.082,94.98
8/2/2011,24.790001,0.06,226.082,93.78
8/3/2011,23.379999,0.02,226.082,91.87
8/4/2011,31.66,0.02,226.082,86.75
8/5/2011,32,0.01,226.082,86.89
8/8/2011,48,0.05,226.082,81.27
8/9/2011,35.060001,0.03,226.082,79.32
8/10/2011,42.990002,0.02,226.082,83.05
8/11/2011,39,0.03,226.082,85.48
8/12/2011,36.360001,0.02,226.082,85.19
8/15/2011,31.870001,0.02,226.082,87.88
8/16/2011,32.849998,0.03,226.082,86.65
8/17/2011,31.58,0.01,226.082,87.58
8/18/2011,42.669998,0.01,226.082,82.38
8/19/2011,43.049999,0.02,226.082,82.33
8/22/2011,42.439999,0.01,226.082,84.42
8/23/2011,36.27,0.01,226.082,85.35
8/24/2011,35.900002,0.02,226.082,84.99
8/25/2011,39.759998,0.01,226.082,85.15
8/26/2011,35.59,0.01,226.082,85.37
8/29/2011,32.279999,0.02,226.082,87.27
8/30/2011,32.889999,0.01,226.082,88.9
8/31/2011,31.620001,0.02,226.082,88.81
9/1/2011,31.82,0.02,226.676,88.93
9/2/2011,33.919998,0.02,226.676,86.45
9/6/2011,37,0.02,226.676,85.99
9/7/2011,33.380001,0.02,226.676,89.34
9/8/2011,34.32,0.02,226.676,89.05
9/9/2011,38.52,0.01,226.676,87.24
9/12/2011,38.59,0.01,226.676,88.19
9/13/2011,36.91,0.01,226.676,90.21
9/14/2011,34.599998,0.01,226.676,88.91
9/15/2011,31.969999,0.01,226.676,89.4
9/16/2011,30.98,0.01,226.676,87.96
9/19/2011,32.73,0.01,226.676,85.7
9/20/2011,32.860001,0.01,226.676,86.92
9/21/2011,37.32,0.01,226.676,85.77
9/22/2011,41.349998,0,226.676,80.29
9/23/2011,41.25,0.01,226.676,79.58
9/26/2011,39.02,0.02,226.676,79.97
9/27/2011,37.709999,0.01,226.676,84.18
9/28/2011,41.080002,0.02,226.676,80.94
9/29/2011,38.84,0.02,226.676,81.87
9/30/2011,42.959999,0.02,226.676,78.93
10/3/2011,45.450001,0.02,226.811,77.34
10/4/2011,40.82,0.01,226.811,75.4
10/5/2011,37.810001,0,226.811,79.41
10/6/2011,36.27,0.01,226.811,82.32
10/7/2011,36.200001,0.01,226.811,82.7
10/10/2011,33.02,0.01,226.811,85.14
10/11/2011,32.860001,0.02,226.811,85.54
10/12/2011,31.26,0.02,226.811,85.3
10/13/2011,30.700001,0.02,226.811,83.96
10/14/2011,28.24,0.02,226.811,86.8
10/17/2011,33.389999,0.04,226.811,86.38
10/18/2011,31.559999,0.04,226.811,88.34
10/19/2011,34.439999,0.03,226.811,86.11
10/20/2011,34.779999,0.03,226.811,86.07
10/21/2011,31.32,0.02,226.811,87.19
10/24/2011,29.26,0.02,226.811,91.12
10/25/2011,32.220001,0.01,226.811,92.98
10/26/2011,29.860001,0.02,226.811,90.2
10/27/2011,25.459999,0.02,226.811,93.96
10/28/2011,24.530001,0.01,226.811,93.32
10/31/2011,29.959999,0.01,226.811,93.19
11/1/2011,34.77,0.01,227.157,92.19
11/2/2011,32.740002,0.01,227.157,92.51
11/3/2011,30.5,0.01,227.157,94.07
11/4/2011,30.16,0.01,227.157,94.26
11/7/2011,29.85,0.01,227.157,95.52
11/8/2011,27.48,0.01,227.157,96.8
11/9/2011,36.16,0.01,227.157,95.74
11/10/2011,32.810001,0.01,227.157,97.78
11/11/2011,30.040001,0.01,227.157,98.99
11/14/2011,31.129999,0.01,227.157,98.14
11/15/2011,31.219999,0.01,227.157,99.37
11/16/2011,33.509998,0.01,227.157,102.59
11/17/2011,34.509998,0.02,227.157,98.82
11/18/2011,32,0.01,227.157,97.67
11/21/2011,32.91,0.02,227.157,96.73
11/22/2011,31.969999,0.02,227.157,97.76
11/23/2011,33.98,0.02,227.157,96.16
11/25/2011,34.470001,0.02,227.157,96.91
11/28/2011,32.130001,0.03,227.157,98.21
11/29/2011,30.639999,0.02,227.157,99.79
11/30/2011,27.799999,0.01,227.157,100.36
12/1/2011,27.41,0.01,227.145,100.2
12/2/2011,27.52,0.02,227.145,100.97
12/5/2011,27.84,0.01,227.145,100.94
12/6/2011,28.129999,0.01,227.145,101.25
12/7/2011,28.67,0.02,227.145,100.45
12/8/2011,30.59,0.01,227.145,98.35
12/9/2011,26.379999,0.01,227.145,99.4
12/12/2011,25.67,0.01,227.145,97.77
12/13/2011,25.41,0.01,227.145,100.24
12/14/2011,26.040001,0.01,227.145,94.92
12/15/2011,25.110001,0,227.145,93.84
12/16/2011,24.290001,0,227.145,93.55
12/19/2011,24.92,0.01,227.145,93.86
12/20/2011,23.219999,0.01,227.145,97.16
12/21/2011,21.43,0.01,227.145,98.54
12/22/2011,21.16,0.01,227.145,99.42
12/23/2011,20.73,0.01,227.145,99.72
12/27/2011,21.91,0.02,227.145,101.29
12/28/2011,23.52,0.01,227.145,99.44
12/29/2011,22.65,0.02,227.145,99.68
12/30/2011,23.4,0.02,227.145,98.83
1/3/2012,22.969999,0.02,227.759,102.96
1/4/2012,22.219999,0.02,227.759,103.22
1/5/2012,21.48,0.02,227.759,101.81
1/6/2012,20.629999,0.02,227.759,101.56
1/9/2012,21.07,0.01,227.759,101.31
1/10/2012,20.690001,0.02,227.759,102.24
1/11/2012,21.049999,0.02,227.759,100.89
1/12/2012,20.469999,0.03,227.759,99.03
1/13/2012,20.91,0.03,227.759,98.69
1/17/2012,22.200001,0.03,227.759,100.7
1/18/2012,20.889999,0.03,227.759,100.61
1/19/2012,19.870001,0.05,227.759,100.32
1/20/2012,18.280001,0.05,227.759,98.15
1/23/2012,18.67,0.04,227.759,99.47
1/24/2012,18.91,0.04,227.759,98.84
1/25/2012,18.309999,0.04,227.759,99.23
1/26/2012,18.57,0.05,227.759,99.76
1/27/2012,18.530001,0.06,227.759,99.47
1/30/2012,19.4,0.05,227.759,98.75
1/31/2012,19.440001,0.06,227.759,98.46
2/1/2012,18.549999,0.06,228.285,97.63
2/2/2012,17.98,0.08,228.285,96.36
2/3/2012,17.1,0.08,228.285,97.8
2/6/2012,17.76,0.08,228.285,96.89
2/7/2012,17.67,0.08,228.285,98.55
2/8/2012,18.16,0.09,228.285,98.8
2/9/2012,18.629999,0.09,228.285,99.88
2/10/2012,20.77,0.09,228.285,98.68
2/13/2012,19.040001,0.11,228.285,100.39
2/14/2012,19.540001,0.12,228.285,100.82
2/15/2012,21.139999,0.11,228.285,101.82
2/16/2012,19.219999,0.1,228.285,102.33
2/17/2012,17.780001,0.09,228.285,103.27
2/21/2012,18.190001,0.08,228.285,105.88
2/22/2012,18.190001,0.09,228.285,105.99
2/23/2012,16.83,0.09,228.285,107.44
2/24/2012,17.309999,0.1,228.285,109.39
2/27/2012,18.18,0.12,228.285,108.49
2/28/2012,17.950001,0.1,228.285,106.59
2/29/2012,18.43,0.08,228.285,107.08
3/1/2012,17.26,0.08,228.866,108.76
3/2/2012,17.290001,0.07,228.866,106.68
3/5/2012,18.049999,0.08,228.866,106.7
3/6/2012,20.84,0.08,228.866,104.71
3/7/2012,19.07,0.08,228.866,106.16
3/8/2012,18.02,0.08,228.866,106.65
3/9/2012,17.110001,0.09,228.866,107.4
3/12/2012,15.64,0.09,228.866,106.34
3/13/2012,14.73,0.08,228.866,106.7
3/14/2012,15.31,0.09,228.866,105.49
3/15/2012,15.43,0.08,228.866,105.19
3/16/2012,14.43,0.09,228.866,107.03
3/19/2012,15.04,0.1,228.866,108.09
3/20/2012,15.58,0.1,228.866,105.68
3/21/2012,15.13,0.09,228.866,106.87
3/22/2012,15.68,0.08,228.866,104.98
3/23/2012,14.82,0.08,228.866,106.43
3/26/2012,14.26,0.09,228.866,107.07
3/27/2012,15.57,0.09,228.866,107.32
3/28/2012,15.47,0.09,228.866,105.4
3/29/2012,15.48,0.07,228.866,102.79
3/30/2012,15.5,0.07,228.866,103.03
4/2/2012,15.64,0.08,229.172,105.25
4/3/2012,15.66,0.08,229.172,104.02
4/4/2012,16.42,0.08,229.172,101.53
4/5/2012,16.700001,0.08,229.172,103.29
4/9/2012,18.809999,0.09,229.172,102.45
4/10/2012,20.389999,0.09,229.172,101.12
4/11/2012,20.02,0.09,229.172,102.66
4/12/2012,17.200001,0.09,229.172,103.69
4/13/2012,19.549999,0.09,229.172,102.84
4/16/2012,19.549999,0.08,229.172,102.92
4/17/2012,18.459999,0.08,229.172,104.23
4/18/2012,18.639999,0.07,229.172,102.65
4/19/2012,18.360001,0.07,229.172,102.38
4/20/2012,17.440001,0.08,229.172,103.58
4/23/2012,18.969999,0.08,229.172,102.68
4/24/2012,18.1,0.09,229.172,103.1
4/25/2012,16.82,0.09,229.172,103.72
4/26/2012,16.24,0.09,229.172,104.56
4/27/2012,16.32,0.09,229.172,104.86
4/30/2012,17.15,0.1,229.172,104.89
5/1/2012,16.6,0.09,228.785,106.17
5/2/2012,16.879999,0.08,228.785,105.25
5/3/2012,17.559999,0.09,228.785,102.56
5/4/2012,19.16,0.07,228.785,98.49
5/7/2012,18.940001,0.1,228.785,97.86
5/8/2012,19.049999,0.09,228.785,97.13
5/9/2012,20.08,0.09,228.785,96.8
5/10/2012,18.83,0.1,228.785,97.1
5/11/2012,19.889999,0.1,228.785,96.03
5/14/2012,21.870001,0.1,228.785,94.75
5/15/2012,21.969999,0.09,228.785,93.97
5/16/2012,22.27,0.1,228.785,92.78
5/17/2012,24.49,0.1,228.785,92.53
5/18/2012,25.1,0.08,228.785,91.51
5/21/2012,22.01,0.09,228.785,92.57
5/22/2012,22.48,0.09,228.785,91.44
5/23/2012,22.33,0.09,228.785,89.4
5/24/2012,21.540001,0.1,228.785,90.36
5/25/2012,21.76,0.09,228.785,90.64
5/29/2012,21.030001,0.09,228.785,90.75
5/30/2012,24.139999,0.07,228.785,87.79
5/31/2012,24.059999,0.07,228.785,86.52
6/1/2012,26.66,0.07,228.626,83.17
6/4/2012,26.120001,0.08,228.626,83.95
6/5/2012,24.68,0.08,228.626,84.31
6/6/2012,22.16,0.09,228.626,85.05
6/7/2012,21.719999,0.09,228.626,84.78
6/8/2012,21.23,0.09,228.626,84.08
6/11/2012,23.559999,0.09,228.626,82.58
6/12/2012,22.09,0.1,228.626,83.35
6/13/2012,24.27,0.1,228.626,82.56
6/14/2012,21.68,0.11,228.626,83.83
6/15/2012,21.110001,0.09,228.626,84.03
6/18/2012,18.32,0.1,228.626,83.26
6/19/2012,18.379999,0.09,228.626,83.99
6/20/2012,17.24,0.09,228.626,81.06
6/21/2012,20.08,0.09,228.626,77.91
6/22/2012,18.110001,0.09,228.626,79.33
6/25/2012,20.379999,0.1,228.626,78.76
6/26/2012,19.719999,0.1,228.626,79.34
6/27/2012,19.450001,0.09,228.626,80.27
6/28/2012,19.709999,0.09,228.626,77.72
6/29/2012,17.08,0.09,228.626,85.04
7/2/2012,16.799999,0.1,228.584,83.72
7/3/2012,16.66,0.09,228.584,87.74
7/5/2012,17.5,0.08,228.584,87.11
7/6/2012,17.1,0.08,228.584,84.37
7/9/2012,18.049999,0.09,228.584,85.93
7/10/2012,18.719999,0.09,228.584,83.92
7/11/2012,17.950001,0.1,228.584,85.88
7/12/2012,18.360001,0.1,228.584,86.02
7/13/2012,16.74,0.1,228.584,87.15
7/16/2012,17.110001,0.1,228.584,88.41
7/17/2012,16.48,0.1,228.584,89.07
7/18/2012,16.16,0.09,228.584,89.88
7/19/2012,15.45,0.09,228.584,92.78
7/20/2012,16.27,0.09,228.584,91.56
7/23/2012,18.620001,0.1,228.584,87.77
7/24/2012,20.469999,0.1,228.584,88.28
7/25/2012,19.34,0.1,228.584,88.8
7/26/2012,17.530001,0.11,228.584,89.4
7/27/2012,16.700001,0.11,228.584,90.13
7/30/2012,18.030001,0.11,228.584,89.8
7/31/2012,18.93,0.11,228.584,88.08
8/1/2012,18.959999,0.1,229.911,88.99
8/2/2012,17.57,0.09,229.911,87.22
8/3/2012,15.64,0.09,229.911,91.4
8/6/2012,15.95,0.1,229.911,92.3
8/7/2012,15.99,0.11,229.911,93.68
8/8/2012,15.32,0.11,229.911,93.39
8/9/2012,15.28,0.11,229.911,93.39
8/10/2012,14.74,0.1,229.911,92.94
8/13/2012,13.7,0.11,229.911,92.76
8/14/2012,14.85,0.11,229.911,93.4
8/15/2012,14.63,0.09,229.911,94.35
8/16/2012,14.29,0.09,229.911,95.66
8/17/2012,13.45,0.09,229.911,96
8/20/2012,14.02,0.11,229.911,96.03
8/21/2012,15.02,0.11,229.911,96.55
8/22/2012,15.11,0.11,229.911,96.89
8/23/2012,15.96,0.11,229.911,95.87
8/24/2012,15.18,0.1,229.911,95.78
8/27/2012,16.35,0.11,229.911,95.54
8/28/2012,16.49,0.1,229.911,96.3
8/29/2012,17.059999,0.12,229.911,95.5
8/30/2012,17.83,0.1,229.911,94.61
8/31/2012,17.469999,0.09,229.911,96.47
9/4/2012,17.98,0.1,231.104,95.34
9/5/2012,17.74,0.11,231.104,95.37
9/6/2012,15.63,0.11,231.104,95.58
9/7/2012,14.38,0.11,231.104,96.41
9/10/2012,16.280001,0.1,231.104,96.52
9/11/2012,16.41,0.1,231.104,97.03
9/12/2012,15.8,0.1,231.104,97.02
9/13/2012,14.05,0.1,231.104,98.3
9/14/2012,14.51,0.11,231.104,98.94
9/17/2012,14.59,0.11,231.104,96.51
9/18/2012,14.18,0.1,231.104,95.25
9/19/2012,13.88,0.11,231.104,91.97
9/20/2012,14.07,0.11,231.104,92.14
9/21/2012,13.98,0.11,231.104,92.64
9/24/2012,14.15,0.11,231.104,91.68
9/25/2012,15.43,0.11,231.104,91.07
9/26/2012,16.809999,0.11,231.104,89.92
9/27/2012,14.84,0.09,231.104,91.89
9/28/2012,15.73,0.1,231.104,92.18
10/1/2012,16.32,0.09,231.741,92.44
10/2/2012,15.71,0.09,231.741,91.88
10/3/2012,15.43,0.09,231.741,88.19
10/4/2012,14.55,0.1,231.741,91.69
10/5/2012,14.33,0.11,231.741,89.87
10/8/2012,15.11,0.11,231.741,89.43
10/9/2012,16.370001,0.1,231.741,92.42
10/10/2012,16.290001,0.1,231.741,91.24
10/11/2012,15.59,0.1,231.741,92.19
10/12/2012,16.139999,0.11,231.741,91.83
10/15/2012,15.27,0.11,231.741,91.84
10/16/2012,15.22,0.09,231.741,92.07
10/17/2012,15.07,0.11,231.741,92.04
10/18/2012,15.03,0.1,231.741,92
10/19/2012,16.969999,0.1,231.741,90
10/22/2012,16.620001,0.1,231.741,88.3
10/23/2012,18.83,0.11,231.741,86.65
10/24/2012,18.33,0.11,231.741,85.39
10/25/2012,18.120001,0.11,231.741,85.59
10/26/2012,17.809999,0.12,231.741,85.84
10/31/2012,18.6,0.11,231.741,86.23
11/1/2012,16.690001,0.09,231.202,87.05
11/2/2012,17.59,0.09,231.202,84.9
11/5/2012,18.42,0.11,231.202,85.64
11/6/2012,17.58,0.1,231.202,88.62
11/7/2012,19.08,0.1,231.202,84.5
11/8/2012,18.49,0.1,231.202,85.07
11/9/2012,18.610001,0.09,231.202,86.08
11/12/2012,16.68,0.09,231.202,85.56
11/13/2012,16.65,0.11,231.202,85.38
11/14/2012,17.92,0.1,231.202,86.32
11/15/2012,17.99,0.08,231.202,85.45
11/16/2012,16.41,0.06,231.202,86.62
11/19/2012,15.24,0.09,231.202,89.05
11/20/2012,15.08,0.08,231.202,86.46
11/21/2012,15.31,0.1,231.202,87.08
11/23/2012,15.14,0.1,231.202,87.01
11/26/2012,15.5,0.1,231.202,87.28
11/27/2012,15.92,0.1,231.202,86.81
11/28/2012,15.51,0.1,231.202,86.1
11/29/2012,15.06,0.09,231.202,87.64
11/30/2012,15.87,0.08,231.202,88.54
12/3/2012,16.639999,0.1,231.165,88.69
12/4/2012,17.120001,0.1,231.165,88.04
12/5/2012,16.459999,0.1,231.165,87.36
12/6/2012,16.58,0.1,231.165,85.47
12/7/2012,15.87,0.09,231.165,85.45
12/10/2012,16.049999,0.09,231.165,85.14
12/11/2012,15.57,0.08,231.165,85.36
12/12/2012,15.95,0.07,231.165,86.35
12/13/2012,16.559999,0.06,231.165,85.39
12/14/2012,16.99,0.04,231.165,86.32
12/17/2012,16.34,0.05,231.165,86.71
12/18/2012,15.57,0.06,231.165,87.46
12/19/2012,17.360001,0.05,231.165,89.09
12/20/2012,17.67,0.06,231.165,89.76
12/21/2012,17.84,0.06,231.165,88.2
12/24/2012,17.84,0.06,231.165,88.29
12/26/2012,19.48,0.09,231.165,90.71
12/27/2012,19.469999,0.08,231.165,90.91
12/28/2012,21.790001,0.01,231.165,90.66
12/31/2012,18.02,0.05,231.165,91.83
1/2/2013,14.68,0.08,231.444,93.14
1/3/2013,14.56,0.08,231.444,92.97
1/4/2013,13.83,0.07,231.444,93.12
1/7/2013,13.79,0.07,231.444,93.2
1/8/2013,13.62,0.07,231.444,93.21
1/9/2013,13.81,0.06,231.444,93.08
1/10/2013,13.49,0.06,231.444,93.81
1/11/2013,13.36,0.07,231.444,93.6
1/14/2013,13.52,0.08,231.444,94.27
1/15/2013,13.55,0.09,231.444,93.26
1/16/2013,13.42,0.08,231.444,94.28
1/17/2013,13.57,0.07,231.444,95.49
1/18/2013,12.46,0.08,231.444,95.61
1/22/2013,12.43,0.08,231.444,96.09
1/23/2013,12.46,0.08,231.444,95.06
1/24/2013,12.69,0.08,231.444,95.35
1/25/2013,12.89,0.08,231.444,95.15
1/28/2013,13.57,0.07,231.444,95.95
1/29/2013,13.31,0.07,231.444,97.62
1/30/2013,14.32,0.07,231.444,97.98
1/31/2013,14.38,0.07,231.444,97.65
2/1/2013,12.9,0.06,232.803,97.46
2/4/2013,14.67,0.07,232.803,96.21
2/5/2013,13.72,0.07,232.803,96.68
2/6/2013,13.41,0.07,232.803,96.44
2/7/2013,13.5,0.07,232.803,95.84
2/8/2013,13.02,0.07,232.803,95.71
2/11/2013,12.94,0.09,232.803,97.01
2/12/2013,12.64,0.09,232.803,97.48
2/13/2013,12.98,0.1,232.803,97.03
2/14/2013,12.66,0.11,232.803,97.3
2/15/2013,12.46,0.1,232.803,95.95
2/19/2013,12.31,0.12,232.803,96.69
2/20/2013,14.68,0.12,232.803,94.92
2/21/2013,15.22,0.13,232.803,92.79
2/22/2013,14.17,0.13,232.803,93.12
2/25/2013,18.99,0.12,232.803,92.74
2/26/2013,16.870001,0.14,232.803,92.63
2/27/2013,14.73,0.11,232.803,92.84
2/28/2013,15.51,0.11,232.803,92.03
3/1/2013,15.36,0.11,232.245,90.71
3/4/2013,14.01,0.11,232.245,90.13
3/5/2013,13.48,0.08,232.245,90.88
3/6/2013,13.53,0.1,232.245,90.47
3/7/2013,13.06,0.1,232.245,91.53
3/8/2013,12.59,0.1,232.245,92.01
3/11/2013,11.56,0.1,232.245,92.07
3/12/2013,12.27,0.1,232.245,92.44
3/13/2013,11.83,0.09,232.245,92.47
3/14/2013,11.3,0.1,232.245,93.03
3/15/2013,11.3,0.09,232.245,93.49
3/18/2013,13.36,0.07,232.245,93.71
3/19/2013,14.39,0.07,232.245,92.44
3/20/2013,12.67,0.07,232.245,93.21
3/21/2013,13.99,0.07,232.245,92.46
3/22/2013,13.57,0.07,232.245,93.41
3/25/2013,13.74,0.08,232.245,94.55
3/26/2013,12.77,0.07,232.245,95.99
3/27/2013,13.15,0.09,232.245,96.53
3/28/2013,12.7,0.07,232.245,97.24
4/1/2013,13.58,0.08,231.672,97.1
4/2/2013,12.76,0.07,231.672,97.23
4/3/2013,14.21,0.06,231.672,95.02
4/4/2013,13.89,0.07,231.672,93.26
4/5/2013,13.92,0.07,231.672,92.76
4/8/2013,13.19,0.07,231.672,93.36
4/9/2013,12.84,0.06,231.672,94.18
4/10/2013,12.36,0.07,231.672,94.59
4/11/2013,12.24,0.07,231.672,93.44
4/12/2013,12.06,0.06,231.672,91.23
4/15/2013,17.27,0.06,231.672,88.75
4/16/2013,13.96,0.06,231.672,88.73
4/17/2013,16.51,0.06,231.672,86.65
4/18/2013,17.559999,0.05,231.672,87.83
4/19/2013,14.97,0.05,231.672,88.04
4/22/2013,14.39,0.05,231.672,88.81
4/23/2013,13.48,0.05,231.672,89.21
4/24/2013,13.61,0.06,231.672,91.07
4/25/2013,13.62,0.05,231.672,93.27
4/26/2013,13.61,0.05,231.672,92.63
4/29/2013,13.71,0.05,231.672,94.09
4/30/2013,13.52,0.05,231.672,93.22
5/1/2013,14.49,0.06,231.99,90.74
5/2/2013,13.59,0.05,231.99,93.7
5/3/2013,12.85,0.05,231.99,95.25
5/6/2013,12.66,0.04,231.99,95.8
5/7/2013,12.83,0.04,231.99,95.28
5/8/2013,12.66,0.04,231.99,96.24
5/9/2013,13.13,0.04,231.99,96.09
5/10/2013,12.59,0.04,231.99,95.81
5/13/2013,12.55,0.05,231.99,94.76
5/14/2013,12.77,0.05,231.99,93.96
5/15/2013,12.81,0.04,231.99,93.95
5/16/2013,13.07,0.03,231.99,94.85
5/17/2013,12.45,0.04,231.99,95.72
5/20/2013,13.02,0.05,231.99,96.29
5/21/2013,13.37,0.04,231.99,95.55
5/22/2013,13.82,0.04,231.99,93.98
5/23/2013,14.07,0.05,231.99,94.12
5/24/2013,13.99,0.04,231.99,93.84
5/28/2013,14.48,0.05,231.99,94.65
5/29/2013,14.83,0.05,231.99,93.13
5/30/2013,14.53,0.04,231.99,93.57
5/31/2013,16.299999,0.04,231.99,91.93
6/3/2013,16.280001,0.05,232.583,93.41
6/4/2013,16.27,0.04,232.583,93.36
6/5/2013,17.5,0.05,232.583,93.66
6/6/2013,16.629999,0.05,232.583,94.71
6/7/2013,15.14,0.04,232.583,96.11
6/10/2013,15.44,0.05,232.583,95.82
6/11/2013,17.07,0.05,232.583,95.5
6/12/2013,18.59,0.05,232.583,95.98
6/13/2013,16.41,0.05,232.583,96.66
6/14/2013,17.15,0.05,232.583,97.83
6/17/2013,16.799999,0.05,232.583,97.86
6/18/2013,16.610001,0.05,232.583,98.46
6/19/2013,16.639999,0.05,232.583,98.24
6/20/2013,20.49,0.05,232.583,94.89
6/21/2013,18.9,0.05,232.583,93.81
6/24/2013,20.110001,0.06,232.583,95.07
6/25/2013,18.469999,0.06,232.583,95.25
6/26/2013,17.209999,0.06,232.583,95.47
6/27/2013,16.860001,0.06,232.583,97
6/28/2013,16.860001,0.04,232.583,96.36
7/1/2013,16.370001,0.04,232.98,97.94
7/2/2013,16.440001,0.03,232.98,99.65
7/3/2013,16.200001,0.05,232.98,101.92
7/5/2013,14.89,0.04,232.98,103.09
7/8/2013,14.78,0.05,232.98,103.03
7/9/2013,14.35,0.04,232.98,103.46
7/10/2013,14.21,0.04,232.98,106.41
7/11/2013,14.01,0.04,232.98,104.77
7/12/2013,13.84,0.04,232.98,105.85
7/15/2013,13.79,0.04,232.98,106.2
7/16/2013,14.42,0.03,232.98,105.88
7/17/2013,13.78,0.03,232.98,106.39
7/18/2013,13.77,0.03,232.98,107.94
7/19/2013,12.54,0.03,232.98,108
7/22/2013,12.29,0.04,232.98,106.61
7/23/2013,12.66,0.02,232.98,107.13
7/24/2013,13.18,0.03,232.98,105.41
7/25/2013,12.97,0.02,232.98,105.47
7/26/2013,12.72,0.03,232.98,104.76
7/29/2013,13.39,0.03,232.98,104.61
7/30/2013,13.39,0.04,232.98,103.14
7/31/2013,13.45,0.04,232.98,105.1
8/1/2013,12.99,0.04,233.413,107.93
8/2/2013,11.98,0.04,233.413,106.94
8/5/2013,11.84,0.05,233.413,106.61
8/6/2013,12.72,0.04,233.413,105.32
8/7/2013,12.98,0.05,233.413,104.41
8/8/2013,12.73,0.05,233.413,103.45
8/9/2013,13.41,0.05,233.413,106.04
8/12/2013,12.81,0.06,233.413,106.19
8/13/2013,12.31,0.06,233.413,106.78
8/14/2013,13.04,0.05,233.413,106.89
8/15/2013,14.73,0.05,233.413,107.43
8/16/2013,14.37,0.05,233.413,107.58
8/19/2013,15.1,0.06,233.413,107.14
8/20/2013,14.91,0.04,233.413,104.9
8/21/2013,15.94,0.04,233.413,103.93
8/22/2013,14.76,0.03,233.413,104.93
8/23/2013,14.06,0.03,233.413,106.48
8/26/2013,14.99,0.04,233.413,105.88
8/27/2013,16.82,0.05,233.413,109.11
8/28/2013,16.49,0.03,233.413,110.17
8/29/2013,16.809999,0.02,233.413,108.51
8/30/2013,17.01,0.03,233.413,107.98
9/3/2013,16.610001,0.02,233.773,108.67
9/4/2013,15.88,0.02,233.773,107.29
9/5/2013,15.77,0.02,233.773,108.5
9/6/2013,15.85,0.02,233.773,110.62
9/9/2013,15.63,0.02,233.773,109.62
9/10/2013,14.53,0.02,233.773,107.48
9/11/2013,13.82,0.02,233.773,107.65
9/12/2013,14.29,0.01,233.773,108.72
9/13/2013,14.16,0.01,233.773,108.31
9/16/2013,14.42,0.02,233.773,106.54
9/17/2013,14.53,0.01,233.773,105.36
9/18/2013,13.59,0.01,233.773,108.23
9/19/2013,13.16,0.01,233.773,106.26
9/20/2013,13.12,0.01,233.773,104.7
9/23/2013,14.31,0.02,233.773,103.62
9/24/2013,14.08,0.02,233.773,103.22
9/25/2013,14.01,0.02,233.773,102.68
9/26/2013,14.06,0,233.773,103.1
9/27/2013,15.46,0.02,233.773,102.86
9/30/2013,16.6,0.02,233.773,102.36
10/1/2013,15.54,0.02,233.903,102.09
10/2/2013,16.6,0.02,233.903,104.15
10/3/2013,17.67,0.03,233.903,103.29
10/4/2013,16.74,0.03,233.903,103.83
10/7/2013,19.41,0.03,233.903,103.07
10/8/2013,20.34,0.05,233.903,103.54
10/9/2013,19.6,0.05,233.903,101.63
10/10/2013,16.48,0.05,233.903,103.08
10/11/2013,15.72,0.08,233.903,102.17
10/14/2013,16.07,0.08,233.903,102.46
10/15/2013,18.66,0.14,233.903,101.15
10/16/2013,14.71,0.1,233.903,102.34
10/17/2013,13.48,0.05,233.903,100.72
10/18/2013,13.04,0.04,233.903,100.87
10/21/2013,13.16,0.04,233.903,99.28
10/22/2013,13.33,0.04,233.903,97.63
10/23/2013,13.42,0.04,233.903,96.9
10/24/2013,13.2,0.03,233.903,96.65
10/25/2013,13.09,0.04,233.903,97.4
10/28/2013,13.31,0.04,233.903,98.74
10/29/2013,13.41,0.04,233.903,98.29
10/30/2013,13.65,0.04,233.903,96.81
10/31/2013,13.75,0.04,233.903,96.29
11/1/2013,13.28,0.04,234.038,94.56
11/4/2013,12.93,0.05,234.038,94.58
11/5/2013,13.27,0.05,234.038,93.4
11/6/2013,12.68,0.05,234.038,94.74
11/7/2013,13.91,0.05,234.038,94.25
11/8/2013,12.9,0.06,234.038,94.56
11/11/2013,12.53,0.06,234.038,95.13
11/12/2013,12.82,0.08,234.038,93.12
11/13/2013,12.52,0.08,234.038,93.91
11/14/2013,12.37,0.08,234.038,93.76
11/15/2013,12.19,0.08,234.038,93.8
11/18/2013,13.1,0.09,234.038,93.03
11/19/2013,13.42,0.08,234.038,93.35
11/20/2013,13.4,0.08,234.038,93.34
11/21/2013,12.66,0.07,234.038,95.35
11/22/2013,12.26,0.07,234.038,94.53
11/25/2013,12.79,0.08,234.038,93.86
11/26/2013,12.81,0.07,234.038,93.41
11/27/2013,12.98,0.07,234.038,92.05
11/29/2013,13.7,0.06,234.038,92.55
12/2/2013,14.23,0.05,234.697,93.61
12/3/2013,14.55,0.06,234.697,95.83
12/4/2013,14.7,0.06,234.697,96.97
12/5/2013,15.08,0.06,234.697,97.14
12/6/2013,13.79,0.06,234.697,97.48
12/9/2013,13.49,0.07,234.697,97.1
12/10/2013,13.91,0.07,234.697,98.32
12/11/2013,15.35,0.07,234.697,97.25
12/12/2013,15.54,0.07,234.697,97.21
12/13/2013,15.76,0.07,234.697,96.27
12/16/2013,16.030001,0.07,234.697,97.18
12/17/2013,16.209999,0.07,234.697,96.99
12/18/2013,13.8,0.07,234.697,97.59
12/19/2013,14.15,0.06,234.697,98.4
12/20/2013,13.79,0.07,234.697,99.11
12/23/2013,13.04,0.07,234.697,98.62
12/24/2013,12.48,0.07,234.697,98.87
12/26/2013,12.33,0.07,234.697,99.18
12/27/2013,12.46,0.07,234.697,99.94
12/30/2013,13.56,0.07,234.697,98.9
12/31/2013,13.72,0.07,234.697,98.17
1/2/2014,14.23,0.07,235.128,95.14
1/3/2014,13.76,0.07,235.128,93.66
1/6/2014,13.55,0.05,235.128,93.12
1/7/2014,12.92,0.04,235.128,93.31
1/8/2014,12.87,0.05,235.128,91.9
1/9/2014,12.89,0.04,235.128,91.36
1/10/2014,12.14,0.05,235.128,92.39
1/13/2014,13.28,0.03,235.128,91.45
1/14/2014,12.28,0.04,235.128,92.15
1/15/2014,12.28,0.04,235.128,93.78
1/16/2014,12.53,0.04,235.128,93.54
1/17/2014,12.44,0.05,235.128,93.96
1/21/2014,12.87,0.04,235.128,94.51
1/22/2014,12.84,0.04,235.128,96.35
1/23/2014,13.77,0.04,235.128,97.23
1/24/2014,17.879999,0.04,235.128,96.66
1/27/2014,17.42,0.05,235.128,95.82
1/28/2014,15.8,0.05,235.128,97.49
1/29/2014,17.35,0.04,235.128,97.34
1/30/2014,17.290001,0.02,235.128,98.25
1/31/2014,18.41,0.02,235.128,97.55
2/3/2014,21.440001,0.05,235.356,96.44
2/4/2014,19.110001,0.06,235.356,97.24
2/5/2014,19.950001,0.07,235.356,97.4
2/6/2014,17.23,0.07,235.356,97.84
2/7/2014,15.31,0.08,235.356,99.98
2/10/2014,15.26,0.07,235.356,100.12
2/11/2014,14.51,0.05,235.356,99.96
2/12/2014,14.3,0.05,235.356,100.38
2/13/2014,14.14,0.03,235.356,100.27
2/14/2014,13.57,0.02,235.356,100.31
2/18/2014,13.87,0.05,235.356,102.54
2/19/2014,15.5,0.06,235.356,103.46
2/20/2014,14.79,0.05,235.356,103.2
2/21/2014,14.68,0.05,235.356,102.53
2/24/2014,14.23,0.05,235.356,103.17
2/25/2014,13.67,0.05,235.356,102.2
2/26/2014,14.35,0.05,235.356,102.93
2/27/2014,14.04,0.04,235.356,102.68
2/28/2014,14,0.05,235.356,102.88
3/3/2014,16,0.05,235.79,105.34
3/4/2014,14.1,0.05,235.79,103.64
3/5/2014,13.89,0.06,235.79,101.75
3/6/2014,14.21,0.05,235.79,101.82
3/7/2014,14.11,0.06,235.79,102.82
3/10/2014,14.2,0.05,235.79,101.39
3/11/2014,14.8,0.05,235.79,100.29
3/12/2014,14.47,0.05,235.79,98.29
3/13/2014,16.219999,0.05,235.79,98.57
3/14/2014,17.82,0.05,235.79,99.23
3/17/2014,15.64,0.06,235.79,98.43
3/18/2014,14.52,0.05,235.79,100.08
3/19/2014,15.12,0.06,235.79,100.71
3/20/2014,14.52,0.06,235.79,99.68
3/21/2014,15,0.06,235.79,99.97
3/24/2014,15.09,0.06,235.79,100.05
3/25/2014,14.02,0.05,235.79,99.66
3/26/2014,14.93,0.05,235.79,100.61
3/27/2014,14.62,0.04,235.79,101.25
3/28/2014,14.41,0.04,235.79,101.73
3/31/2014,13.88,0.05,235.79,101.57
4/1/2014,13.1,0.04,236.24,99.69
4/2/2014,13.09,0.02,236.24,99.6
4/3/2014,13.37,0.02,236.24,100.29
4/4/2014,13.96,0.03,236.24,101.16
4/7/2014,15.57,0.03,236.24,100.43
4/8/2014,14.89,0.03,236.24,102.57
4/9/2014,13.82,0.04,236.24,103.55
4/10/2014,15.89,0.04,236.24,103.37
4/11/2014,17.030001,0.04,236.24,103.68
4/14/2014,16.18,0.04,236.24,104.05
4/15/2014,15.61,0.04,236.24,103.7
4/16/2014,14.18,0.04,236.24,103.71
4/17/2014,13.36,0.03,236.24,104.33
4/21/2014,13.25,0.04,236.24,104.35
4/22/2014,13.19,0.03,236.24,101.69
4/23/2014,13.27,0.02,236.24,101.47
4/24/2014,13.32,0.01,236.24,102.2
4/25/2014,14.06,0.03,236.24,100.85
4/28/2014,13.97,0.03,236.24,101.13
4/29/2014,13.71,0.02,236.24,101.56
4/30/2014,13.41,0.03,236.24,100.07
5/1/2014,13.25,0.03,236.95,99.69
5/2/2014,12.91,0.02,236.95,100.09
5/5/2014,13.29,0.03,236.95,99.74
5/6/2014,13.8,0.03,236.95,99.81
5/7/2014,13.4,0.03,236.95,101.06
5/8/2014,13.43,0.03,236.95,100.52
5/9/2014,12.92,0.03,236.95,100.32
5/12/2014,12.23,0.03,236.95,100.89
5/13/2014,12.13,0.03,236.95,102.01
5/14/2014,12.17,0.03,236.95,102.63
5/15/2014,13.17,0.03,236.95,101.74
5/16/2014,12.44,0.03,236.95,102.31
5/19/2014,12.42,0.03,236.95,102.95
5/20/2014,12.96,0.03,236.95,102.8
5/21/2014,11.91,0.04,236.95,104.31
5/22/2014,12.03,0.03,236.95,104.03
5/23/2014,11.36,0.04,236.95,105.01
5/27/2014,11.51,0.04,236.95,104.78
5/28/2014,11.68,0.04,236.95,103.37
5/29/2014,11.57,0.04,236.95,104.26
5/30/2014,11.4,0.04,236.95,103.4
6/2/2014,11.58,0.04,237.348,103.07
6/3/2014,11.87,0.04,237.348,103.34
6/4/2014,12.08,0.04,237.348,103.27
6/5/2014,11.68,0.04,237.348,103.17
6/6/2014,10.73,0.04,237.348,103.32
6/9/2014,11.15,0.04,237.348,105.09
6/10/2014,10.99,0.04,237.348,105.02
6/11/2014,11.6,0.04,237.348,105.04
6/12/2014,12.56,0.04,237.348,107.2
6/13/2014,12.18,0.04,237.348,107.49
6/16/2014,12.65,0.04,237.348,107.52
6/17/2014,12.06,0.04,237.348,106.95
6/18/2014,10.61,0.03,237.348,106.64
6/19/2014,10.62,0.02,237.348,107.08
6/20/2014,10.85,0.02,237.348,107.95
6/23/2014,10.98,0.03,237.348,106.83
6/24/2014,12.13,0.03,237.348,106.64
6/25/2014,11.59,0.03,237.348,107.04
6/26/2014,11.63,0.04,237.348,106.49
6/27/2014,11.26,0.03,237.348,106.46
6/30/2014,11.57,0.04,237.348,106.07
7/1/2014,11.15,0.02,237.596,106.06
7/2/2014,10.82,0.02,237.596,105.18
7/3/2014,10.32,0.01,237.596,104.76
7/7/2014,11.33,0.04,237.596,104.19
7/8/2014,11.98,0.03,237.596,104.06
7/9/2014,11.65,0.03,237.596,102.93
7/10/2014,12.59,0.02,237.596,103.61
7/11/2014,12.08,0.02,237.596,101.48
7/14/2014,11.82,0.03,237.596,101.73
7/15/2014,11.96,0.02,237.596,100.56
7/16/2014,11,0.02,237.596,101.88
7/17/2014,14.54,0.02,237.596,103.84
7/18/2014,12.06,0.02,237.596,103.83
7/21/2014,12.81,0.03,237.596,105.34
7/22/2014,12.24,0.03,237.596,104.59
7/23/2014,11.52,0.03,237.596,103.81
7/24/2014,11.84,0.03,237.596,102.76
7/25/2014,12.69,0.03,237.596,105.23
7/28/2014,12.56,0.04,237.596,105.68
7/29/2014,13.28,0.02,237.596,104.91
7/30/2014,13.33,0.04,237.596,104.29
7/31/2014,16.950001,0.03,237.596,98.23
8/1/2014,17.030001,0.03,237.409,97.86
8/4/2014,15.12,0.04,237.409,98.26
8/5/2014,16.870001,0.03,237.409,97.34
8/6/2014,16.370001,0.03,237.409,96.93
8/7/2014,16.66,0.03,237.409,97.34
8/8/2014,15.77,0.03,237.409,97.61
8/11/2014,14.23,0.04,237.409,98.09
8/12/2014,14.13,0.03,237.409,97.36
8/13/2014,12.9,0.04,237.409,97.57
8/14/2014,12.42,0.04,237.409,95.54
8/15/2014,13.15,0.03,237.409,97.3
8/18/2014,12.32,0.03,237.409,96.44
8/19/2014,12.21,0.03,237.409,94.35
8/20/2014,11.78,0.04,237.409,96.4
8/21/2014,11.76,0.02,237.409,93.97
8/22/2014,11.47,0.03,237.409,93.61
8/25/2014,11.7,0.04,237.409,95.39
8/26/2014,11.63,0.03,237.409,95.78
8/27/2014,11.78,0.04,237.409,95.82
8/28/2014,12.05,0.03,237.409,96.44
8/29/2014,12.09,0.03,237.409,97.86
9/2/2014,12.25,0.03,237.626,92.92
9/3/2014,12.36,0.03,237.626,95.5
9/4/2014,12.64,0.03,237.626,94.51
9/5/2014,12.09,0.03,237.626,93.32
9/8/2014,12.66,0.02,237.626,92.64
9/9/2014,13.5,0.02,237.626,92.73
9/10/2014,12.88,0.02,237.626,91.71
9/11/2014,12.8,0.02,237.626,92.89
9/12/2014,13.31,0.02,237.626,92.18
9/15/2014,14.12,0.02,237.626,92.86
9/16/2014,12.73,0.02,237.626,94.91
9/17/2014,12.65,0.02,237.626,94.33
9/18/2014,12.03,0.02,237.626,93.07
9/19/2014,12.11,0.02,237.626,92.43
9/22/2014,13.69,0.01,237.626,91.46
9/23/2014,14.93,0.01,237.626,91.55
9/24/2014,13.27,0.02,237.626,93.6
9/25/2014,15.64,0.01,237.626,93.59
9/26/2014,14.85,0.01,237.626,95.55
9/29/2014,15.98,0.02,237.626,94.53
9/30/2014,16.309999,0.02,237.626,91.17
10/1/2014,16.709999,0.02,237.753,90.74
10/2/2014,16.16,0.01,237.753,91.02
10/3/2014,14.55,0.01,237.753,89.76
10/6/2014,15.46,0.02,237.753,90.33
10/7/2014,17.200001,0.02,237.753,88.89
10/8/2014,15.11,0.01,237.753,87.29
10/9/2014,18.76,0.01,237.753,85.76
10/10/2014,21.24,0.01,237.753,85.87
10/13/2014,24.639999,0.01,237.753,85.73
10/14/2014,22.790001,0.02,237.753,81.72
10/15/2014,25.27,0.02,237.753,81.82
10/16/2014,25.200001,0.03,237.753,82.33
10/17/2014,21.99,0.02,237.753,82.8
10/20/2014,18.57,0.02,237.753,82.76
10/21/2014,16.08,0.02,237.753,83.25
10/22/2014,17.870001,0.02,237.753,80.52
10/23/2014,16.530001,0.01,237.753,82.81
10/24/2014,16.110001,0.01,237.753,81.27
10/27/2014,16.040001,0.02,237.753,81.26
10/28/2014,14.39,0.02,237.753,81.36
10/29/2014,15.15,0.03,237.753,82.25
10/30/2014,14.52,0.01,237.753,81.06
10/31/2014,14.03,0.01,237.753,80.53
11/3/2014,14.73,0.02,237.067,78.77
11/4/2014,14.89,0.03,237.067,77.15
11/5/2014,14.17,0.03,237.067,78.71
11/6/2014,13.67,0.03,237.067,77.87
11/7/2014,13.12,0.03,237.067,78.71
11/10/2014,12.67,0.02,237.067,77.43
11/11/2014,12.92,0.02,237.067,77.85
11/12/2014,13.02,0.02,237.067,77.16
11/13/2014,13.79,0.02,237.067,74.13
11/14/2014,13.31,0.02,237.067,75.91
11/17/2014,13.99,0.03,237.067,75.64
11/18/2014,13.86,0.02,237.067,74.55
11/19/2014,13.96,0.01,237.067,74.55
11/20/2014,13.58,0.02,237.067,75.63
11/21/2014,12.9,0.01,237.067,76.52
11/24/2014,12.62,0.02,237.067,75.74
11/25/2014,12.25,0.02,237.067,74.04
11/26/2014,12.07,0.02,237.067,73.7
11/28/2014,13.33,0.02,237.067,65.94
12/1/2014,14.16,0.03,236.284,68.98
12/2/2014,12.85,0.03,236.284,66.99
12/3/2014,12.5,0.01,236.284,67.3
12/4/2014,12.38,0.02,236.284,66.73
12/5/2014,11.89,0.02,236.284,65.89
12/8/2014,14.21,0.03,236.284,63.13
12/9/2014,15.35,0.04,236.284,63.74
12/10/2014,18.530001,0.03,236.284,60.99
12/11/2014,20.08,0.03,236.284,60.01
12/12/2014,21.08,0.02,236.284,57.81
12/15/2014,20.42,0.04,236.284,55.96
12/16/2014,23.57,0.03,236.284,55.97
12/17/2014,19.440001,0.03,236.284,56.43
12/18/2014,16.809999,0.04,236.284,54.18
12/19/2014,16.49,0.04,236.284,56.91
12/22/2014,15.25,0.05,236.284,55.25
12/23/2014,14.8,0.03,236.284,56.78
12/24/2014,14.37,0.01,236.284,55.7
12/26/2014,14.5,0.01,236.284,54.59
12/29/2014,15.06,0.03,236.284,53.46
12/30/2014,15.92,0.03,236.284,54.14
12/31/2014,19.200001,0.04,236.284,53.45
1/2/2015,17.790001,0.02,234.677,52.72
1/5/2015,19.92,0.03,234.677,50.05
1/6/2015,21.120001,0.03,234.677,47.98
1/7/2015,19.309999,0.03,234.677,48.69
1/8/2015,17.01,0.03,234.677,48.8
1/9/2015,17.549999,0.02,234.677,48.35
1/12/2015,19.6,0.03,234.677,46.06
1/13/2015,20.559999,0.03,234.677,45.92
1/14/2015,21.48,0.04,234.677,48.49
1/15/2015,22.389999,0.03,234.677,46.37
1/16/2015,20.950001,0.03,234.677,48.49
1/20/2015,19.889999,0.03,234.677,46.79
1/21/2015,18.85,0.03,234.677,47.85
1/22/2015,16.4,0.03,234.677,45.93
1/23/2015,16.66,0.02,234.677,45.26
1/26/2015,15.52,0.03,234.677,44.8
1/27/2015,17.219999,0.02,234.677,45.84
1/28/2015,20.440001,0.02,234.677,44.08
1/29/2015,18.76,0.03,234.677,44.12
1/30/2015,20.969999,0.02,234.677,47.79
2/2/2015,19.43,0.02,235.186,49.25
2/3/2015,17.33,0.02,235.186,53.04
2/4/2015,18.33,0.01,235.186,48.45
2/5/2015,16.85,0.02,235.186,50.48
2/6/2015,17.290001,0.02,235.186,51.66
2/9/2015,18.549999,0.01,235.186,52.99
2/10/2015,17.23,0.01,235.186,50.06
2/11/2015,16.959999,0.01,235.186,48.8
2/12/2015,15.34,0.02,235.186,51.17
2/13/2015,14.69,0.01,235.186,52.66
2/17/2015,15.8,0.02,235.186,53.56
2/18/2015,15.45,0.02,235.186,52.13
2/19/2015,15.29,0.02,235.186,51.12
2/20/2015,14.3,0.02,235.186,49.95
2/23/2015,14.56,0.02,235.186,49.56
2/24/2015,13.69,0.02,235.186,48.48
2/25/2015,13.84,0.02,235.186,50.25
2/26/2015,13.91,0.03,235.186,47.65
2/27/2015,13.34,0.02,235.186,49.84
3/2/2015,13.04,0.02,235.74,49.59
3/3/2015,13.86,0.02,235.74,50.43
3/4/2015,14.23,0.01,235.74,51.53
3/5/2015,14.04,0.02,235.74,50.76
3/6/2015,15.2,0.01,235.74,49.61
3/9/2015,15.06,0.02,235.74,49.95
3/10/2015,16.690001,0.02,235.74,48.42
3/11/2015,16.870001,0.03,235.74,48.06
3/12/2015,15.42,0.03,235.74,47.12
3/13/2015,16,0.03,235.74,44.88
3/16/2015,15.61,0.05,235.74,43.93
3/17/2015,15.66,0.05,235.74,43.39
3/18/2015,13.97,0.03,235.74,44.63
3/19/2015,14.07,0.03,235.74,44.02
3/20/2015,13.02,0.01,235.74,46
3/23/2015,13.41,0.03,235.74,47.4
3/24/2015,13.62,0.02,235.74,47.03
3/25/2015,15.44,0.04,235.74,48.75
3/26/2015,15.8,0.03,235.74,51.41
3/27/2015,15.07,0.04,235.74,48.83
3/30/2015,14.51,0.04,235.74,48.66
3/31/2015,15.29,0.03,235.74,47.72
4/1/2015,15.11,0.03,235.982,50.12
4/2/2015,14.67,0.02,235.982,49.13
4/6/2015,14.74,0.03,235.982,52.08
4/7/2015,14.78,0.02,235.982,53.95
4/8/2015,13.98,0.03,235.982,50.44
4/9/2015,13.09,0.03,235.982,50.79
4/10/2015,12.58,0.02,235.982,51.63
4/13/2015,13.94,0.03,235.982,51.95
4/14/2015,13.67,0.02,235.982,53.3
4/15/2015,12.84,0.02,235.982,56.25
4/16/2015,12.6,0.02,235.982,56.69
4/17/2015,13.89,0.01,235.982,55.71
4/20/2015,13.3,0.03,235.982,56.37
4/21/2015,13.25,0.03,235.982,55.58
4/22/2015,12.71,0.03,235.982,56.17
4/23/2015,12.48,0.03,235.982,56.59
4/24/2015,12.29,0.03,235.982,55.98
4/27/2015,13.12,0.02,235.982,55.56
4/28/2015,12.41,0.02,235.982,57.05
4/29/2015,13.39,0.01,235.982,58.55
4/30/2015,14.55,0.01,235.982,59.62
5/1/2015,12.7,0.01,237.031,59.1
5/4/2015,12.85,0.02,237.031,58.92
5/5/2015,14.31,0.01,237.031,60.38
5/6/2015,15.15,0.02,237.031,60.93
5/7/2015,15.13,0.01,237.031,58.99
5/8/2015,12.86,0.01,237.031,59.41
5/11/2015,13.85,0.02,237.031,59.23
5/12/2015,13.86,0.03,237.031,60.72
5/13/2015,13.76,0.02,237.031,60.5
5/14/2015,12.74,0.01,237.031,59.89
5/15/2015,12.38,0.02,237.031,59.73
5/18/2015,12.73,0.02,237.031,59.44
5/19/2015,12.85,0.02,237.031,57.3
5/20/2015,12.88,0.02,237.031,58.96
5/21/2015,12.11,0.02,237.031,60.18
5/22/2015,12.13,0.02,237.031,58.88
5/26/2015,14.06,0.02,237.031,57.29
5/27/2015,13.27,0.01,237.031,57.51
5/28/2015,13.31,0.01,237.031,57.69
5/29/2015,13.84,0.01,237.031,60.25
6/1/2015,13.97,0.02,237.786,60.24
