Date,Volatility.Index,Oil
1/5/2010,-3.565896641,0.269146073
1/6/2010,-0.991649269,1.660250241
1/7/2010,-0.524664246,-0.629539952
1/8/2010,-5.129619698,0.169204738
1/11/2010,-3.304843493,-0.24230676
1/12/2010,3.835621918,-2.166109667
1/13/2010,-2.240896359,-1.418528747
1/14/2010,-1.247878687,-0.390674228
1/15/2010,1.563378001,-1.782965623
1/19/2010,-1.877133106,1.291466194
1/20/2010,5.888650964,-2.014983208
1/21/2010,16.12034127,-2.083333333
1/22/2010,18.45477548,-2.141414141
1/25/2010,-7.477367178,0.867823765
1/26/2010,-3.503059206,-0.308021963
1/27/2010,-6.093345121,-1.398696361
1/28/2010,2.48630847,-0.027166531
1/29/2010,3.614951112,-1.056966369
2/1/2010,-8.986281541,2.096492407
2/2/2010,-5.167597765,3.626473255
2/3/2010,0.555555556,-0.324844075
2/4/2010,17.17791411,-5.237248735
2/5/2010,0.114902332,-2.782853127
2/8/2010,1.508860807,1.001808821
2/9/2010,-1.961538462,2.496269163
2/10/2010,-2.362204724,1.033834586
2/11/2010,-6.010021119,0.996942709
2/12/2010,-5.411346238,-1.511267035
2/16/2010,-2.157303371,3.728241102
2/17/2010,-2.440152046,0.375307364
2/18/2010,-5.283567876,2.152716221
2/19/2010,-3.046948052,1.002883289
2/22/2010,-0.401198576,0.337331334
2/23/2010,6.691623459,-1.819106984
2/24/2010,-5.426743957,1.429467085
2/25/2010,-0.845771144,-2.256699577
2/26/2010,-3.076923077,2.170095334
3/1/2010,-1.246105919,-1.283191462
3/2/2010,-1.049323245,1.142928912
3/3/2010,-1.221449814,1.594364108
3/4/2010,-0.587612211,-0.872709139
3/5/2010,-7.462680827,1.582822086
3/8/2010,2.079825628,0.427611484
3/9/2010,0.725440848,-0.429447853
3/10/2010,3.500269251,0.694529061
3/11/2010,-2.823925959,0.036540804
3/12/2010,-2.730369738,-1.033718927
3/15/2010,2.333333333,-1.842336132
3/16/2010,-1.752396735,2.397553517
3/17/2010,-4.612661147,1.422886772
3/18/2010,-1.744879558,-0.937195716
3/19/2010,2.062451506,-1.960784314
3/22/2010,-0.592756337,0.836820084
3/23/2010,-3.180434251,0.514201763
3/24/2010,6.837601529,-1.731224312
3/25/2010,4.619570652,-0.049844237
3/26/2010,-3.545301069,-0.626959248
3/29/2010,-1.023308698,2.648925781
3/30/2010,-2.685353338,0.267835403
3/31/2010,2.615127914,1.569802277
4/1/2010,-0.686897578,1.277652904
4/5/2010,-2.643942421,2.119036591
4/6/2010,-4.867529267,0.207996302
4/7/2010,2.346576273,-1.050910789
4/8/2010,-0.849520631,-0.551837501
4/9/2010,-2.10657386,-0.673758865
4/12/2010,-3.594345315,-0.630427025
4/13/2010,3.82716643,-0.322195704
4/14/2010,-3.912771007,2.125671572
4/15/2010,1.887979862,-0.434017595
4/16/2010,13.45316376,-2.747981198
4/19/2010,-5.882358708,-1.778704612
4/20/2010,-10.23521933,1.759460111
4/21/2010,3.615196078,-0.241604252
4/22/2010,0.910740796,0.132705996
4/23/2010,0.902539055,1.719231681
4/26/2010,4.865472517,-0.166270784
4/27/2010,23.41078577,-2.147276477
4/28/2010,-8.206826376,0.949291036
4/29/2010,-14.31669662,2.28953857
4/30/2010,16.37187376,1.045660509
5/3/2010,-9.212471064,0.139227289
5/4/2010,15.31039849,-4.182279705
5/5/2010,4.295463669,-3.4125
5/6/2010,24.05487573,-3.65379632
5/7/2010,19.9023243,-2.769640479
5/10/2010,-41.99029473,2.32800104
5/11/2010,-1.836158192,-0.68089564
5/12/2010,-10.97178683,-0.951751487
5/13/2010,4.347826087,-1.707448239
5/14/2010,14.59667093,-3.868174836
5/17/2010,-1.297016861,-2.183219178
5/18/2010,8.077493534,-1.008936293
5/19/2010,5.01132786,0.75811758
5/20/2010,22.86525611,-2.387229057
5/21/2010,-14.18953437,-0.367484933
5/24/2010,-4.645088727,0.293126191
5/25/2010,-10.71944205,-5.325717814
5/26/2010,1.17075671,9.42393736
5/27/2010,-17.99191375,4.077253219
5/28/2010,7.452447771,-0.756756757
6/1/2010,9.763649134,-1.788170564
6/2/2010,-17.79914153,0.246981339
6/3/2010,-2.410050998,2.331814527
6/4/2010,16.96730834,-4.465910682
6/7/2010,2.980585179,0.167714885
6/8/2010,-8.516317255,0.459098497
6/9/2010,0.08893863,3.36111858
6/10/2010,-10.33693163,1.457339693
6/11/2010,-6.182698639,-2.151847341
6/14/2010,-0.734783065,1.466862248
6/15/2010,-10.47544992,2.407600208
6/16/2010,0.192897377,1.068623664
6/17/2010,-3.473058023,-1.106482687
6/18/2010,-4.592893336,0.466442083
6/21/2010,3.737934234,0.847893114
6/22/2010,8.022181443,-0.894361633
6/23/2010,-0.520248978,-1.646903821
6/24/2010,9.515803631,0.078988942
6/25/2010,-4.241146013,3.173996176
6/28/2010,1.620686207,-0.242780475
6/29/2010,15.03076721,-3.06861583
6/30/2010,1.187029497,-0.449794946
7/1/2010,-5.112598749,-3.618917066
7/2/2010,-9.096945249,-1.235081876
7/6/2010,-1.585163575,-0.138966092
7/7/2010,-10.46944858,2.822417286
7/8/2010,-4.395181034,1.868539624
7/9/2010,-2.922333867,0.814931651
7/12/2010,-2.251330332,-1.534765781
7/13/2010,0.529311911,2.890098497
7/14/2010,1.325833721,-0.181770969
7/15/2010,0.994431225,-0.456501891
7/16/2010,4.228575238,-0.934702475
7/19/2010,-1.078171008,0.744805958
7/20/2010,-8.524860008,1.021727884
7/21/2010,6.669263131,-1.376688082
7/22/2010,-4.100690382,3.467915454
7/23/2010,-4.942479972,-0.419420437
7/26/2010,-3.028963871,0.316736349
7/27/2010,1.768003374,-1.897753679
7/28/2010,4.371129897,-0.519076045
7/29/2010,-0.497310423,1.583652618
7/30/2010,-2.680846809,0.69752695
8/2/2010,-6.769650159,2.953846154
8/3/2010,2.73972173,1.539020843
8/4/2010,-1.891040157,-0.036368045
8/5/2010,-0.497733032,-0.597560976
8/6/2010,-1.655933763,-1.648692203
8/9/2010,1.806680298,0.969801129
8/10/2010,1.028171613,-1.520438684
8/11/2010,11.89443922,-2.753233449
8/12/2010,1.321418578,-3.184460888
8/13/2010,1.943597561,-0.384666401
8/16/2010,-0.536398467,-0.292669948
8/17/2010,-7.274969174,0.778775079
8/18/2010,1.057340382,-0.490781271
8/19/2010,6.996977799,-1.262592344
8/20/2010,-3.726955669,-1.361470388
8/23/2010,0.662509743,-1.017741714
8/24/2010,6.554985672,-2.063447501
8/25/2010,-2.84643435,1.15165811
8/26/2010,2.447935607,1.758451472
8/27/2010,-11.9427398,2.407875482
8/30/2010,10.14332268,-0.642656313
8/31/2010,-4.452975219,-3.837063812
9/1/2010,-9.041440311,2.757874814
9/2/2010,-3.018533721,1.360181358
9/3/2010,-8.822159025,-0.630703167
9/7/2010,10.46218531,-0.729927007
9/8/2010,-2.365587097,0.897521768
9/9/2010,-1.928982987,-0.538720539
9/10/2010,-3.728963165,2.814136126
9/13/2010,-3.677515496,0.997797071
9/14/2010,1.623376699,-0.507944777
9/15/2010,2.443443439,-1.132771338
9/16/2010,-1.749544279,-1.796728345
9/17/2010,1.31758746,-1.290234959
9/20/2010,-2.372093023,1.577329234
9/21/2010,3.803131991,-2.535635965
9/22/2010,0.710795202,0.027404768
9/23/2010,5.697532229,0.572207084
9/24/2010,-9.949341776,1.648130779
9/27/2010,3.682351212,2.457195138
9/28/2010,0.265482301,-0.472751149
9/29/2010,2.795698925,2.183686577
9/30/2010,1.898738317,2.626641651
10/1/2010,-5.333337778,1.986024274
10/4/2010,4.377394629,-0.171926808
10/5/2010,-8.134195772,1.690208862
10/6/2010,-1.256398325,0.45667588
10/7/2010,0.324670702,-2.298991886
10/8/2010,-4.104297639,1.596902976
10/11/2010,-9.229958293,-0.584083719
10/12/2010,-0.158473323,-0.624464308
10/13/2010,0.734137389,1.637962182
10/14/2010,4.074441855,-0.386893967
10/15/2010,-4.46662089,-1.821986951
10/18/2010,0.314295443,2.203226583
10/19/2010,7.464852519,-4.386075154
10/20/2010,-4.244557643,2.880507751
10/21/2010,-2.698500259,-2.374109709
10/22/2010,-2.609153216,1.380160197
10/25/2010,5.390423174,1.036585366
10/26/2010,1.829866559,0.726392252
10/27/2010,2.366006874,-0.854700855
10/28/2010,0.814176284,0.364963504
10/29/2010,1.509443325,-0.920810313
11/1/2010,2.885932203,1.796479383
11/2/2010,-1.20537784,1.156000477
11/3/2010,-10.27607926,0.639431616
11/4/2010,-5.615545356,2.35865418
11/5/2010,-1.423877327,0.414507772
11/8/2010,0.164029515,0.252670265
11/9/2010,4.140455975,-0.034466912
11/10/2010,-3.302658544,0.831719266
11/11/2010,0.912017216,0
11/12/2010,9.558476004,-3.392625751
11/15/2010,-2.02970287,-0.011781338
11/16/2010,10.54029672,-3.097291388
11/17/2010,-3.768382353,-2.362302623
11/18/2010,-16.05333333,1.770884221
11/19/2010,-3.935692686,-0.281690141
11/22/2010,1.796407088,-0.504677499
11/23/2010,10.95491086,-0.556999629
11/24/2010,-5.470347928,2.90830429
11/26/2010,11.97119766,0.786932157
11/29/2010,-3.204821031,2.16960224
11/30/2010,8.538657241,-1.913932477
12/1/2010,-10.20599203,3.031700288
12/2/2010,-10.15988706,1.39804501
12/3/2010,-7.66240422,1.345593182
12/6/2010,0.055493896,0.167916713
12/7/2010,-0.166759311,-0.721614613
12/8/2010,-1.409244645,-0.441676104
12/9/2010,-2.84057971,0.056593096
12/10/2010,2.044298578,-0.614964127
12/13/2010,-0.341891757,0.914014895
12/14/2010,0.34072684,-0.328314276
12/15/2010,1.83946478,0.372208437
12/16/2010,-3.162748888,-1.08311481
12/17/2010,-7.945362635,0.352192683
12/20/2010,1.828147471,0.744248985
12/21/2010,0.485142511,0.694288914
12/22/2010,-6.731391586,0.59000334
12/23/2010,6.193072629,1.111845002
12/27/2010,6.791177136,0.164853281
12/28/2010,-0.856164384,0.535636205
12/29/2010,-1.388883021,-0.384066718
12/30/2010,1.369857306,-1.42459655
12/31/2010,1.295774648,1.674326986
1/3/2011,-0.794997116,0.229282673
1/4/2011,-1.323371768,-2.461125406
1/5/2011,-2.115152761,1.007751938
1/6/2011,2.183908046,-2.183999095
1/7/2011,-1.516925409,-0.340638129
1/10/2011,2.280512983,1.311071268
1/11/2011,-3.848443093,2.052464054
1/12/2011,-4.002456897,0.805661404
1/13/2011,0.915186145,-0.503337345
1/14/2011,-6.015517464,0.152955315
1/18/2011,2.583490863,-0.164149705
1/19/2011,8.318885518,-0.583379196
1/20/2011,3.779883268,-2.585817525
1/21/2011,2.598803606,-0.385400136
1/24/2011,-4.645886686,-1.706248559
1/25/2011,-0.341102899,-1.951104843
1/26/2011,-5.709140968,1.242019733
1/27/2011,-3.034049536,-2.013025459
1/28/2011,19.41118167,4.197390811
1/31/2011,-2.611366994,3.121222112
2/1/2011,-10.77709647,-1.619387983
2/2/2011,-1.907514561,0.267320116
2/3/2011,-3.654870961,-0.402594498
2/4/2011,-4.770878845,-1.7639695
2/7/2011,2.14988316,-1.819235226
2/8/2011,-2.972808349,-0.524170064
2/9/2011,0.378071834,-0.303773805
2/10/2011,1.367308888,-0.175561798
2/11/2011,-2.549394519,-1.244223249
2/14/2011,1.630094044,-0.872579488
2/15/2011,2.565674859,-0.637555636
2/16/2011,2.093289599,0.799522673
2/17/2011,-0.783598553,1.469723692
2/18/2011,-0.973828363,-0.02352111
2/22/2011,21.00961159,8.224500809
2/23/2011,6.009941528,3.529779259
2/24/2011,-3.799244841,-0.219138057
2/25/2011,-10.9261244,0.714877746
2/28/2011,-4.741138965,0.597322348
3/1/2011,12.66063779,2.539395764
3/2/2011,-1.497579638,2.581402171
3/3/2011,-11.29032796,-0.343406593
3/4/2011,2.41342615,2.319340617
3/7/2011,7.744438529,0.97750783
3/8/2011,-4.23814329,-0.295069484
3/9/2011,1.978234519,-0.641823929
3/10/2011,7.20514882,-1.615886304
3/11/2011,-8.515941235,-1.572078307
3/14/2011,4.969233553,0.059288538
3/15/2011,13.11678043,-4.083101923
3/16/2011,17.27891156,0.775589346
3/17/2011,-11.49032569,3.429585099
3/18/2011,-7.896890021,-0.405699584
3/21/2011,-18.58321113,1.270027354
3/22/2011,-1.979228203,2.075959055
3/23/2011,-5.425138237,0.646326395
3/24/2011,-6.5,-0.161843107
3/25/2011,-0.502512563,-0.14300696
3/28/2011,7.87037511,-1.303843925
3/29/2011,-7.048463656,0.766724171
3/30/2011,-2.540943114,-0.520231214
3/31/2011,0.169114994,2.250682738
4/1/2011,-1.954022989,1.264528126
4/4/2011,0.571428571,0.545589051
4/5/2011,-1.449275362,-0.296790948
4/6/2011,-2.071005917,0.516700498
4/7/2011,1.227358198,1.311236569
4/8/2011,4.252937647,2.182239245
4/11/2011,-7.715497288,-2.529680365
4/12/2011,2.925687537,-3.546099291
4/13/2011,-1.004728132,0.797373358
4/14/2011,-3.995082975,1.048918593
4/15/2011,-6.201044386,1.319043693
4/18/2011,9.669805995,-2.314901593
4/19/2011,-7.138338598,0.447844747
4/20/2011,-5.04313205,3.302057019
4/21/2011,-2.586793737,0.787683494
4/25/2011,6.848446417,-0.035816619
4/26/2011,-0.960307298,0.035803795
4/27/2011,-1.758957655,0.525331671
4/28/2011,-4.993160055,0.062288663
4/29/2011,0.881355932,0.890731105
5/2/2011,7.754846779,-0.318499513
5/3/2011,4.251502739,-2.197106691
5/4/2011,2.224818501,-1.66375586
5/5/2011,6.15385131,-8.909800781
5/6/2011,1.086951087,-3.117580262
5/9/2011,-7.226107226,3.438995215
5/10/2011,-7.856693903,2.969339395
5/11/2011,6.135698753,-5.629342051
5/12/2011,-5.739238569,0.659697554
5/13/2011,6.092554189,0.685414777
5/16/2011,6.414473684,-2.373336085
5/17/2011,-3.931629854,-0.529045643
5/18/2011,-8.133080715,3.135048232
5/19/2011,-4.574742268,-1.561383815
5/20/2011,10.95811819,1.169944528
5/23/2011,4.597701149,-2.153307233
5/24/2011,-2.525252525,2.088167053
5/25/2011,-4.393673111,1.637229609
5/26/2011,-6.09073959,-0.598921941
5/27/2011,-0.688360451,0.397693378
5/31/2011,-3.430420712,2.064264849
6/1/2011,15.57376588,-2.392821535
6/2/2011,-1.160856827,0.109550842
6/3/2011,-0.779938675,-0.129637016
6/6/2011,2.920492158,-1.221358635
6/7/2011,-2.324294411,0.110909458
6/8/2011,3.831830557,1.577850551
6/9/2011,-5.740016882,1.157430113
6/10/2011,5.779432355,-2.668680765
6/13/2011,3.824579101,-2.160493827
6/14/2011,-7.393214677,2.183757673
6/15/2011,14.35272045,-4.7875145
6/16/2011,6.203255609,0.126382306
6/17/2011,-4.027459954,-2.074822619
6/20/2011,-9.304652326,0.225249383
6/21/2011,-5.991510817,0.501600854
6/22/2011,-1.835858531,1.326874473
6/23/2011,3.991710524,-4.696802646
6/24/2011,8.578194313,0.209043899
6/27/2011,-2.626464136,-0.26475455
6/28/2011,-7.250907668,2.421959096
6/29/2011,-11.00173712,2.055877702
6/30/2011,-4.539951574,0.472193075
7/1/2011,-4.095778198,-0.51682312
7/5/2011,1.183057359,2.17705324
7/6/2011,1.713592411,-0.258611772
7/7/2011,-2.445141066,2.056737589
7/8/2011,0,-2.598752599
7/11/2011,13.26807576,-1.092896175
7/12/2011,7.448424386,2.309824453
7/13/2011,0.200899046,0.642594859
7/14/2011,4.278841552,-2.391644909
7/15/2011,-6.502805607,1.532291238
7/18/2011,6.778042636,-1.35501355
7/19/2011,-9.057793288,1.589906657
7/20/2011,-0.628596124,0.631943737
7/21/2011,-8.712990246,0.858932902
7/22/2011,-0.228304795,0.572691651
7/25/2011,9.457364341,-0.565828029
7/26/2011,4.349975284,0.642505773
7/27/2011,11.96692776,-2.26899384
7/28/2011,3.201347936,0.082068117
7/29/2011,5.98019802,-1.881270903
8/1/2011,-6.720202874,-0.736997263
8/2/2011,4.558293483,-1.279590531
8/3/2011,-6.030804364,-2.079024709
8/4/2011,26.15287745,-5.902017291
8/5/2011,1.0625,0.161123259
8/8/2011,33.33333333,-6.915220869
8/9/2011,-36.90815354,-2.458396369
8/10/2011,18.44615174,4.491270319
8/11/2011,-10.23077436,2.842770239
8/12/2011,-7.260723123,-0.340415542
8/15/2011,-14.08848403,3.060992262
8/16/2011,2.983248279,-1.419503751
8/17/2011,-4.021526282,1.061886275
8/18/2011,25.99015355,-6.312211702
8/19/2011,0.882696885,-0.060731204
8/22/2011,-1.437323314,2.475716655
8/23/2011,-17.01130135,1.089630931
8/24/2011,-1.03063504,-0.423579245
8/25/2011,9.708239925,0.187903699
8/26/2011,-11.71676876,0.257701769
8/29/2011,-10.25403068,2.177151369
8/30/2011,1.854667128,1.83352081
8/31/2011,-4.016438836,-0.101339939
9/1/2011,0.62853237,0.134937591
9/2/2011,6.191032205,-2.868710237
9/6/2011,8.32432973,-0.534945924
9/7/2011,-10.84481394,3.74972017
9/8/2011,2.738924825,-0.325659742
9/9/2011,10.90342679,-2.074736359
9/12/2011,0.181394144,1.077219639
9/13/2011,-4.551612029,2.239219599
9/14/2011,-6.676306744,-1.462152739
9/15/2011,-8.226459438,0.548098434
9/16/2011,-3.195606843,-1.637107776
9/19/2011,5.346776658,-2.637106184
9/20/2011,0.395620804,1.403589508
9/21/2011,11.950694,-1.34079515
9/22/2011,9.746065768,-6.825258438
9/23/2011,-0.242419394,-0.892183966
9/26/2011,-5.71501794,0.487682881
9/27/2011,-3.473882351,5.001187931
9/28/2011,8.203512259,-4.002965159
9/29/2011,-5.767255407,1.135947233
9/30/2011,9.590314469,-3.72481946
10/3/2011,5.478552135,-2.055857254
10/4/2011,-11.34248163,-2.572944297
10/5/2011,-7.960854061,5.049741846
10/6/2011,-4.245936035,3.534985423
10/7/2011,-0.193367398,0.45949214
10/10/2011,-9.630529982,2.865867982
10/11/2011,-0.486911123,0.467617489
10/12/2011,-5.118365323,-0.281359906
10/13/2011,-1.824100918,-1.595998094
10/14/2011,-8.7110517,3.271889401
10/17/2011,15.42377704,-0.486223663
10/18/2011,-5.798479271,2.218700475
10/19/2011,8.362369581,-2.589710835
10/20/2011,0.977573346,-0.0464738
10/21/2011,-11.04725096,1.284550981
10/24/2011,-7.040328093,4.312993854
10/25/2011,9.18684329,2.0004302
10/26/2011,-7.903549635,-3.082039911
10/27/2011,-17.28201953,4.001702852
10/28/2011,-3.791267681,-0.685812259
10/31/2011,18.12415948,-0.139499946
11/1/2011,13.83376762,-1.084716347
11/2/2011,-6.200360037,0.34590855
11/3/2011,-7.344268852,1.658339534
11/4/2011,-1.127320955,0.201570125
11/7/2011,-1.038525963,1.319095477
11/8/2011,-8.624454148,1.32231405
11/9/2011,24.00442478,-1.107165239
11/10/2011,-10.21029838,2.08631622
11/11/2011,-9.221038308,1.222345691
11/14/2011,3.501439239,-0.866109639
11/15/2011,0.288276755,1.237798128
11/16/2011,6.833778385,3.138707476
11/17/2011,2.897710976,-3.815017203
11/18/2011,-7.84374375,-1.177434217
11/21/2011,2.765116986,-0.971777112
11/22/2011,-2.94025971,1.053600655
11/23/2011,5.915247204,-1.663893511
11/25/2011,1.421528824,0.773913941
11/28/2011,-7.282912939,1.323694125
11/29/2011,-4.862930968,1.583324982
11/30/2011,-10.21582771,0.567955361
12/1/2011,-1.422834732,-0.159680639
12/2/2011,0.399709302,0.762602753
12/5/2011,1.149425287,-0.029720626
12/6/2011,1.030924317,0.30617284
12/7/2011,1.883505406,-0.796416127
12/8/2011,6.276560968,-2.135231317
12/9/2011,-15.95906429,1.056338028
12/12/2011,-2.765870666,-1.667178071
12/13/2011,-1.023219205,2.464086193
12/14/2011,2.419358586,-5.604719764
12/15/2011,-3.703703556,-1.150895141
12/16/2011,-3.375874707,-0.309994655
12/19/2011,2.528085875,0.330279139
12/20/2011,-7.321279385,3.396459448
12/21/2011,-8.352771815,1.400446519
12/22/2011,-1.275992439,0.885133776
12/23/2011,-2.074288471,0.300842359
12/27/2011,5.385668644,1.550004936
12/28/2011,6.845238095,-1.860418343
12/29/2011,-3.841059603,0.240770465
12/30/2011,3.205128205,-0.860062734
1/3/2012,-1.872011401,4.011266511
1/4/2012,-3.375337686,0.251889169
1/5/2012,-3.445060521,-1.384932718
1/6/2012,-4.120218329,-0.246159905
1/9/2012,2.088281917,-0.246767348
1/10/2012,-1.836631134,0.909624413
1/11/2012,1.710204357,-1.33809099
1/12/2012,-2.833414892,-1.878218722
1/13/2012,2.104261119,-0.344513122
1/17/2012,5.810815054,1.996027805
1/18/2012,-6.270952909,-0.089454329
1/19/2012,-5.133356561,-0.28907496
1/20/2012,-8.698030159,-2.210901681
1/23/2012,2.088907338,1.327033276
1/24/2012,1.269169751,-0.637393768
1/25/2012,-3.27690351,0.393026303
1/26/2012,1.400113086,0.53127506
1/27/2012,-0.215860755,-0.29154519
1/30/2012,4.484530928,-0.729113924
1/31/2012,0.20576645,-0.294535852
2/1/2012,-4.797854706,-0.85014852
2/2/2012,-3.170183537,-1.317974263
2/3/2012,-5.14619883,1.472392638
2/6/2012,3.716216216,-0.939209413
2/7/2012,-0.509337861,1.68442415
2/8/2012,2.698237885,0.253036437
2/9/2012,2.522807435,1.081297557
2/10/2012,10.30332691,-1.216051885
2/13/2012,-9.086128724,1.703356908
2/14/2012,2.558853503,0.426502678
2/15/2012,7.568581247,0.982125319
2/16/2012,-9.989594692,0.49838757
2/17/2012,-8.098975922,0.910235306
2/21/2012,2.253985583,2.465054779
2/22/2012,0,0.103783376
2/23/2012,-8.080814023,1.349590469
2/24/2012,2.772957988,1.78261267
2/27/2012,4.785484048,-0.829569546
2/28/2012,-1.281331405,-1.782531194
2/29/2012,2.604443842,0.457601793
3/1/2012,-6.778679027,1.544685546
3/2/2012,0.173516473,-1.94975628
3/5/2012,4.210515469,0.018744142
3/6/2012,13.38772073,-1.900487059
3/7/2012,-9.281594127,1.365862849
3/8/2012,-5.826859046,0.459446789
3/9/2012,-5.318521022,0.698324022
3/12/2012,-9.398983376,-0.996802708
3/13/2012,-6.177868296,0.337394564
3/14/2012,3.788373612,-1.147028154
3/15/2012,0.777705768,-0.285198213
3/16/2012,-6.93000693,1.719144165
3/19/2012,4.055851064,0.980664261
3/20/2012,3.465982028,-2.280469341
3/21/2012,-2.974223397,1.113502386
3/22/2012,3.507653061,-1.800342922
3/23/2012,-5.802968961,1.36239782
3/26/2012,-3.927068724,0.597739796
3/27/2012,8.413615928,0.232948192
3/28/2012,-0.646412411,-1.821631879
3/29/2012,0.064599483,-2.539157506
3/30/2012,0.129032258,0.232941862
4/2/2012,0.895140665,2.109263658
4/3/2012,0.127713921,-1.182464911
4/4/2012,4.628501827,-2.4524771
4/5/2012,1.676652594,1.703940362
4/9/2012,11.2174275,-0.819912152
4/10/2012,7.748896898,-1.315268987
4/11/2012,-1.848146853,1.500097409
4/12/2012,-16.39534207,0.993345549
4/13/2012,12.02045074,-0.826526643
4/16/2012,0,0.077730276
4/17/2012,-5.904659041,1.256835844
4/18/2012,0.965665288,-1.539210911
4/19/2012,-1.52504349,-0.263723383
4/20/2012,-5.275229055,1.158524812
4/23/2012,8.06535625,-0.876509544
4/24/2012,-4.806624309,0.407371484
4/25/2012,-7.609988109,0.597763209
4/26/2012,-3.571428571,0.803366488
4/27/2012,0.490196078,0.286095747
4/30/2012,4.839650146,0.028601392
5/1/2012,-3.313253012,1.205613639
5/2/2012,1.658761947,-0.874109264
5/3/2012,3.872437578,-2.622854914
5/4/2012,8.350735908,-4.132399228
5/7/2012,-1.161557489,-0.643776824
5/8/2012,0.577417353,-0.751570061
5/9/2012,5.129487052,-0.340909091
5/10/2012,-6.63834307,0.308959835
5/11/2012,5.329306452,-1.114235135
5/14/2012,9.053506673,-1.350923483
5/15/2012,0.455157053,-0.830052144
5/16/2012,1.347108217,-1.282604009
5/17/2012,9.064924459,-0.270182643
5/18/2012,2.430278884,-1.114632281
5/21/2012,-14.03907315,1.145079399
5/22/2012,2.090747331,-1.235783027
5/23/2012,-0.671742051,-2.281879195
5/24/2012,-3.667590359,1.062416999
5/25/2012,1.011024816,0.308914387
5/29/2012,-3.471226654,0.121212121
5/30/2012,12.88317369,-3.371682424
5/31/2012,-0.332502092,-1.467868701
6/1/2012,9.75244186,-4.027894674
6/4/2012,-2.067377409,0.929124479
6/5/2012,-5.834688006,0.426995611
6/6/2012,-11.37184116,0.870076426
6/7/2012,-2.025787386,-0.318471338
6/8/2012,-2.308049929,-0.832540438
6/11/2012,9.889639639,-1.816420441
6/12/2012,-6.654590312,0.923815237
6/13/2012,8.982282653,-0.956879845
6/14/2012,-11.94649446,1.514970774
6/15/2012,-2.700137248,0.238010234
6/18/2012,-15.2292631,-0.924813836
6/19/2012,0.326436362,0.869151089
6/20/2012,-6.612523202,-3.614606464
6/21/2012,14.14342629,-4.043126685
6/22/2012,-10.87796185,1.789991176
6/25/2012,11.13836168,-0.723717623
6/26/2012,-3.346856153,0.731031006
6/27/2012,-1.388164453,1.15858976
6/28/2012,1.319117266,-3.281008749
6/29/2012,-15.39812061,8.607714017
7/2/2012,-1.666672718,-1.576684185
7/3/2012,-0.840330132,4.581718714
7/5/2012,4.8,-0.723223511
7/6/2012,-2.339181287,-3.247599858
7/9/2012,5.263152646,1.815431165
7/10/2012,3.57906002,-2.395138227
7/11/2012,-4.289682212,2.282254308
7/12/2012,2.233115347,0.162752848
7/13/2012,-9.677425329,1.296615032
7/16/2012,2.162483801,1.425178147
7/17/2012,-3.822821602,0.740990232
7/18/2012,-1.98019802,0.901201602
7/19/2012,-4.595469256,3.125673637
7/20/2012,5.03995083,-1.332459589
7/23/2012,12.6208425,-4.318104136
7/24/2012,9.037606695,0.577707295
7/25/2012,-5.842807653,0.585585586
7/26/2012,-10.32515058,0.67114094
7/27/2012,-4.970059583,0.809941196
7/30/2012,7.376594155,-0.367483296
7/31/2012,4.754352879,-1.952770209
8/1/2012,0.158222582,1.022586808
8/2/2012,-7.911206602,-2.029351066
8/3/2012,-12.34015345,4.573304158
8/6/2012,1.943573668,0.975081257
8/7/2012,0.250156348,1.473099915
8/8/2012,-4.373368146,-0.310525752
8/9/2012,-0.261780105,0
8/10/2012,-3.663500678,-0.484183344
8/13/2012,-7.591240876,-0.194049159
8/14/2012,7.744107744,0.685224839
8/15/2012,-1.503759398,1.006889242
8/16/2012,-2.379286214,1.36943341
8/17/2012,-6.24535316,0.354166667
8/20/2012,4.065620542,0.031240237
8/21/2012,6.657789614,0.538581046
8/22/2012,0.595632032,0.350913407
8/23/2012,5.325814536,-1.063940753
8/24/2012,-5.138339921,-0.093965337
8/27/2012,7.155963303,-0.251203684
8/28/2012,0.848999394,0.789200415
8/29/2012,3.34114322,-0.837696335
8/30/2012,4.318569826,-0.940703943
8/31/2012,-2.060681286,1.928060537
9/4/2012,2.836490545,-1.185231802
9/5/2012,-1.352874859,0.031456433
9/6/2012,-13.4996801,0.219711237
9/7/2012,-8.692628651,0.860906545
9/10/2012,11.6707671,0.113966017
9/11/2012,0.792193784,0.525610636
9/12/2012,-3.860759494,-0.010307153
9/13/2012,-12.45551601,1.302136317
9/14/2012,3.170227429,0.646856681
9/17/2012,0.548320768,-2.517873795
9/18/2012,-2.891396333,-1.322834646
9/19/2012,-2.161383285,-3.566380341
9/20/2012,1.350390903,0.184501845
9/21/2012,-0.643776824,0.539723661
9/24/2012,1.201413428,-1.047120419
9/25/2012,8.295528192,-0.669814428
9/26/2012,8.209393707,-1.278914591
9/27/2012,-13.27492588,2.143867668
9/28/2012,5.657978385,0.314601866
10/1/2012,3.615196078,0.281263522
10/2/2012,-3.882877148,-0.60949064
10/3/2012,-1.814646792,-4.184147863
10/4/2012,-6.048109966,3.817210165
10/5/2012,-1.535240754,-2.025147435
10/8/2012,5.162144275,-0.49200492
10/9/2012,7.697012358,3.23523047
10/10/2012,-0.491098803,-1.293292416
10/11/2012,-4.490064144,1.030480529
10/12/2012,3.407676791,-0.392028749
10/15/2012,-5.697439424,0.010888502
10/16/2012,-0.328515112,0.249809927
10/17/2012,-0.99535501,-0.032594524
10/18/2012,-0.266134398,-0.043478261
10/19/2012,11.4319335,-2.222222222
10/22/2012,-2.10588435,-1.925254813
10/23/2012,11.73658524,-1.904212349
10/24/2012,-2.727768685,-1.475582621
10/25/2012,-1.158934815,0.233672158
10/26/2012,-1.740606499,0.291239515
10/31/2012,4.247317204,0.452278789
11/1/2012,-11.44397175,0.941987364
11/2/2012,5.116537806,-2.532391048
11/5/2012,4.50597177,0.864082205
11/6/2012,-4.778156997,3.362672083
11/7/2012,7.86163522,-4.875739645
11/8/2012,-3.190914008,0.670036441
11/9/2012,0.644819955,1.173327138
11/12/2012,-11.5707494,-0.607760636
11/13/2012,-0.18018018,-0.210822207
11/14/2012,7.087053571,1.08897127
11/15/2012,0.389105058,-1.018139263
11/16/2012,-9.628275442,1.350727315
11/19/2012,-7.677165354,2.728804043
11/20/2012,-1.061007958,-2.995604904
11/21/2012,1.502286088,0.711988976
11/23/2012,-1.122853369,-0.080450523
11/26/2012,2.322580645,0.309349221
11/27/2012,2.638190955,-0.54141228
11/28/2012,-2.643455835,-0.824622532
11/29/2012,-2.988047809,1.757188498
11/30/2012,5.103969754,1.016489722
12/3/2012,4.627398115,0.169128425
12/4/2012,2.803749836,-0.738300772
12/5/2012,-4.009732929,-0.778388278
12/6/2012,0.723769602,-2.211302211
12/7/2012,-4.473850032,-0.0234055
12/10/2012,1.121489166,-0.364106178
12/11/2012,-3.082845215,0.257731959
12/12/2012,2.382445141,1.146496815
12/13/2012,3.683569063,-1.124253425
12/14/2012,2.530906416,1.077386469
12/17/2012,-3.977968176,0.449775112
12/18/2012,-4.945407836,0.857534873
12/19/2012,10.31106507,1.829610506
12/20/2012,1.754380306,0.746434938
12/21/2012,0.952914798,-1.768707483
12/24/2012,0,0.101936799
12/26/2012,8.41889117,2.667842575
12/27/2012,-0.051366207,0.2199978
12/28/2012,10.64709451,-0.27575557
12/31/2012,-20.92120422,1.274093434
1/2/2013,-22.7520436,1.406484861
1/3/2013,-0.824175824,-0.182854684
1/4/2013,-5.278380333,0.161082474
1/7/2013,-0.290065265,0.08583691
1/8/2013,-1.248164464,0.010728463
1/9/2013,1.375814627,-0.139664804
1/10/2013,-2.372127502,0.778168639
1/11/2013,-0.973053892,-0.224358974
1/14/2013,1.183431953,0.710724515
1/15/2013,0.221402214,-1.082993781
1/16/2013,-0.968703428,1.081883751
1/17/2013,1.105379514,1.267148393
1/18/2013,-8.908507223,0.125509884
1/22/2013,-0.241351569,0.499531689
1/23/2013,0.240770465,-1.083526194
1/24/2013,1.812450749,0.304142632
1/25/2013,1.55159038,-0.21019443
1/28/2013,5.011053795,0.833767587
1/29/2013,-1.953418482,1.710715017
1/30/2013,7.053072626,0.367421923
1/31/2013,0.417246175,-0.337941628
2/1/2013,-11.47286822,-0.194951775
2/4/2013,12.06543967,-1.299241243
2/5/2013,-6.924198251,0.486139843
2/6/2013,-2.311707681,-0.248859394
2/7/2013,0.666666667,-0.626043406
2/8/2013,-3.686635945,-0.135826977
2/11/2013,-0.618238022,1.340068034
2/12/2013,-2.373417722,0.482150185
2/13/2013,2.619414484,-0.46377409
2/14/2013,-2.52764613,0.277492292
2/15/2013,-1.605136437,-1.406982804
2/19/2013,-1.218521527,0.765332506
2/20/2013,16.14441417,-1.864728192
2/21/2013,3.547963206,-2.295505981
2/22/2013,-7.410021171,0.354381443
2/25/2013,25.38177988,-0.409747682
2/26/2013,-12.56667975,-0.118752024
2/27/2013,-14.52818058,0.226195605
2/28/2013,5.02901354,-0.880147778
3/1/2013,-0.9765625,-1.455186859
3/4/2013,-9.635974304,-0.643514923
3/5/2013,-3.931750742,0.825264085
3/6/2013,0.36954915,-0.453188902
3/7/2013,-3.598774885,1.158090244
3/8/2013,-3.733121525,0.521682426
3/11/2013,-8.910034602,0.065167807
3/12/2013,5.786471068,0.400259628
3/13/2013,-3.719357566,0.032442954
3/14/2013,-4.690265487,0.601956358
3/15/2013,0,0.492031233
3/18/2013,15.41916168,0.234766834
3/19/2013,7.157748436,-1.373864128
3/20/2013,-13.5753749,0.826091621
3/21/2013,9.435310936,-0.811161583
3/22/2013,-3.095062638,1.017021732
3/25/2013,1.237263464,1.205711264
3/26/2013,-7.595927956,1.500156266
3/27/2013,2.88973384,0.559411582
3/28/2013,-3.543307087,0.730152201
4/1/2013,6.48011782,-0.144181256
4/2/2013,-6.426332288,0.133703589
4/3/2013,10.20408163,-2.325826142
4/4/2013,-2.303815695,-1.887197083
4/5/2013,0.215517241,-0.539025442
4/8/2013,-5.53449583,0.642673522
4/9/2013,-2.725856698,0.870673179
4/10/2013,-3.883495146,0.433449625
4/11/2013,-0.980392157,-1.230736301
4/12/2013,-1.492537313,-2.422448756
4/15/2013,30.16792125,-2.794366197
4/16/2013,-23.71060172,-0.022540291
4/17/2013,15.44518474,-2.400461627
4/18/2013,5.979493507,1.343504497
4/19/2013,-17.30126253,0.238527942
4/22/2013,-4.030576789,0.86701948
4/23/2013,-6.75074184,0.448380226
4/24/2013,0.955180015,2.042384979
4/25/2013,0.073421439,2.358743433
4/26/2013,-0.073475386,-0.690920868
4/29/2013,0.729394602,1.551705814
4/30/2013,-1.405325444,-0.933276121
5/1/2013,6.694271912,-2.733083535
5/2/2013,-6.622516556,3.159018143
5/3/2013,-5.758754864,1.627296588
5/6/2013,-1.500789889,0.574112735
5/7/2013,1.325019486,-0.545759866
5/8/2013,-1.342812006,0.997506234
5/9/2013,3.579588728,-0.156103653
5/10/2013,-4.289118348,-0.292245068
5/13/2013,-0.3187251,-1.108062474
5/14/2013,1.722787784,-0.851426139
5/15/2013,0.31225605,-0.01064396
5/16/2013,1.989288447,0.948866632
5/17/2013,-4.979919679,0.908900961
5/20/2013,4.377880184,0.591961782
5/21/2013,2.617801047,-0.774463632
5/22/2013,3.256150507,-1.670568206
5/23/2013,1.776830135,0.148746281
5/24/2013,-0.571837026,-0.298380222
5/28/2013,3.383977901,0.855784469
5/29/2013,2.360080917,-1.632127134
5/30/2013,-2.064693737,0.470236187
5/31/2013,10.85889024,-1.783966061
6/3/2013,-0.12283783,1.584412804
6/4/2013,-0.061468961,-0.053556127
6/5/2013,7.028571429,0.320307495
6/6/2013,-5.231515648,1.10864745
6/7/2013,-9.841472919,1.456664239
6/10/2013,1.943005181,-0.302650804
6/11/2013,9.548916227,-0.335078534
6/12/2013,8.176438946,0.500104188
6/13/2013,-13.28458257,0.703496793
6/14/2013,4.314868805,1.195952162
6/17/2013,-2.08333941,0.030656039
6/18/2013,-1.143877114,0.609384522
6/19/2013,0.180276453,-0.223941368
6/20/2013,18.78965837,-3.530403625
6/21/2013,-8.412698413,-1.151263192
6/24/2013,6.016911685,1.325339224
6/25/2013,-8.87927498,0.188976378
6/26/2013,-7.321325237,0.230438881
6/27/2013,-2.07590735,1.577319588
6/28/2013,0,-0.664176007
7/1/2013,-2.993280208,1.613232591
7/2/2013,0.425790728,1.716006021
7/3/2013,-1.48148139,2.227237049
7/5/2013,-8.797857623,1.134930643
7/8/2013,-0.744248985,-0.058235465
7/9/2013,-2.996515679,0.415619563
7/10/2013,-0.985221675,2.772295837
7/11/2013,-1.427551749,-1.565333588
7/12/2013,-1.228323699,1.020311762
7/15/2013,-0.362581581,0.329566855
7/16/2013,4.368932039,-0.302228938
7/17/2013,-4.644412192,0.479368362
7/18/2013,-0.072621641,1.435982953
7/19/2013,-9.80861244,0.055555556
7/22/2013,-2.034174125,-1.303817653
7/23/2013,2.922590837,0.48539158
7/24/2013,3.945371775,-1.631723745
7/25/2013,-1.619121049,0.056888215
7/26/2013,-1.965408805,-0.677739595
7/29/2013,5.00373413,-0.143389733
7/30/2013,0,-1.425247237
7/31/2013,0.446096654,1.86489058
8/1/2013,-3.541185527,2.62206986
8/2/2013,-8.430717863,-0.925752759
8/5/2013,-1.182432432,-0.309539443
8/6/2013,6.918238994,-1.224838587
8/7/2013,2.003081664,-0.871564026
8/8/2013,-1.963864886,-0.927984534
8/9/2013,5.070842655,2.442474538
8/12/2013,-4.683840749,0.141256239
8/13/2013,-4.061738424,0.552537928
8/14/2013,5.598159509,0.102909533
8/15/2013,11.47318398,0.50265289
8/16/2013,-2.505219207,0.139431121
8/19/2013,4.834437086,-0.410677618
8/20/2013,-1.274312542,-2.135367016
8/21/2013,6.461731493,-0.933320504
8/22/2013,-7.994579946,0.953016297
8/23/2013,-4.978662873,1.455672427
8/26/2013,6.204136091,-0.56667926
8/27/2013,10.87990488,2.960315278
8/28/2013,-2.001212856,0.962149405
8/29/2013,1.903622957,-1.52981292
8/30/2013,1.175784832,-0.490831635
9/3/2013,-2.408181673,0.634949848
9/4/2013,-4.596983627,-1.286233573
9/5/2013,-0.69752695,1.115207373
9/6/2013,0.504731861,1.916470801
9/9/2013,-1.407549584,-0.912242292
9/10/2013,-7.570543703,-1.991068106
9/11/2013,-5.13748191,0.157919183
9/12/2013,3.289013296,0.984179544
9/13/2013,-0.918079096,-0.378543071
9/16/2013,1.803051318,-1.661347851
9/17/2013,0.75705437,-1.119969628
9/18/2013,-6.916850625,2.65176014
9/19/2013,-3.267477204,-1.853943158
9/20/2013,-0.304878049,-1.489971347
9/23/2013,8.315863033,-1.042269832
9/24/2013,-1.633522727,-0.387521798
9/25/2013,-0.499643112,-0.525905727
9/26/2013,0.355618777,0.407371484
9/27/2013,9.055627426,-0.233326852
9/30/2013,6.86746988,-0.488472059
10/1/2013,-6.821106821,-0.264472524
10/2/2013,6.385542169,1.977916467
10/3/2013,6.055461234,-0.832607222
10/4/2013,-5.555555556,0.520080901
10/7/2013,13.75579598,-0.737362957
10/8/2013,4.572271386,0.453930848
10/9/2013,-3.775510204,-1.879366329
10/10/2013,-18.93203883,1.406674428
10/11/2013,-4.834605598,-0.890672409
10/14/2013,2.177971375,0.283037283
10/15/2013,13.87995713,-1.295106278
10/16/2013,-26.85248131,1.162790698
10/17/2013,-9.12462908,-1.60841938
10/18/2013,-3.374233129,0.148706256
10/21/2013,0.911854103,-1.601531023
10/22/2013,1.27531883,-1.690054287
10/23/2013,0.670640835,-0.753353973
10/24/2013,-1.666666667,-0.258665287
10/25/2013,-0.840336134,0.770020534
10/28/2013,1.652892562,1.357099453
10/29/2013,0.745712155,-0.457828874
10/30/2013,1.758241758,-1.528767689
10/31/2013,0.727272727,-0.54003531
11/1/2013,-3.539156627,-1.829526227
11/4/2013,-2.706883217,0.02114612
11/5/2013,2.562170309,-1.263383298
11/6/2013,-4.652996845,1.414397298
11/7/2013,8.84255931,-0.519893899
11/8/2013,-7.829457364,0.327834179
11/11/2013,-2.952913009,0.599180069
11/12/2013,2.262090484,-2.158505155
11/13/2013,-2.396166134,0.841230966
11/14/2013,-1.212611156,-0.159982935
11/15/2013,-1.47662018,0.042643923
11/18/2013,6.946564885,-0.827689992
11/19/2013,2.384500745,0.342795929
11/20/2013,-0.149253731,-0.01071352
11/21/2013,-5.845181675,2.108023073
11/22/2013,-3.262642741,-0.867449487
11/25/2013,4.143862392,-0.713829107
11/26/2013,0.156128025,-0.481747136
11/27/2013,1.309707242,-1.477457903
11/29/2013,5.255474453,0.540248514
12/2/2013,3.72452565,1.132357654
12/3/2013,2.199312715,2.316602317
12/4/2013,1.020408163,1.175621326
12/5/2013,2.519893899,0.175005147
12/6/2013,-9.354604786,0.348789495
12/9/2013,-2.223869533,-0.391349125
12/10/2013,3.019410496,1.240846216
12/11/2013,9.381107492,-1.100257069
12/12/2013,1.222651223,-0.04114803
12/13/2013,1.395939086,-0.976420484
12/16/2013,1.684347992,0.936406668
12/17/2013,1.110413394,-0.195896484
12/18/2013,-17.46376087,0.614817092
12/19/2013,2.473498233,0.823170732
12/20/2013,-2.610587382,0.716375744
12/23/2013,-5.751533742,-0.496856621
12/24/2013,-4.487179487,0.252857287
12/26/2013,-1.216545012,0.312563017
12/27/2013,1.043338684,0.760456274
12/30/2013,8.112094395,-1.05156724
12/31/2013,1.166180758,-0.743608027
1/2/2014,3.583977512,-3.184780324
1/3/2014,-3.415697674,-1.580183643
1/6/2014,-1.549815498,-0.579896907
1/7/2014,-4.876160991,0.203622334
1/8/2014,-0.388500389,-1.534276387
1/9/2014,0.155159038,-0.591068301
1/10/2014,-6.177924217,1.114839268
1/13/2014,8.584337349,-1.02788409
1/14/2014,-8.143322476,0.759631036
1/15/2014,0,1.738110471
1/16/2014,1.995211492,-0.256574727
1/17/2014,-0.723472669,0.446998723
1/21/2014,3.341103341,0.581949
1/22/2014,-0.23364486,1.909704203
1/23/2014,6.753812636,0.905070452
1/24/2014,22.98657287,-0.589695841
1/27/2014,-2.640637199,-0.876643707
1/28/2014,-10.25316456,1.712996205
1/29/2014,8.933717579,-0.154099034
1/30/2014,-0.347015596,0.926208651
1/31/2014,6.083644758,-0.717580728
2/3/2014,14.13246669,-1.150974699
2/4/2014,-12.1925687,0.822706705
2/5/2014,4.210526105,0.164271047
2/6/2014,-15.78642484,0.449713818
2/7/2014,-12.54082299,2.140428086
2/10/2014,-0.327653997,0.139832201
2/11/2014,-5.16884907,-0.160064026
2/12/2014,-1.468531469,0.418410042
2/13/2014,-1.131541726,-0.1097038
2/14/2014,-4.200442152,0.039876383
2/18/2014,2.162941601,2.174761069
2/19/2014,10.51612903,0.889232554
2/20/2014,-4.800540906,-0.251937984
2/21/2014,-0.749318801,-0.653467278
2/24/2014,-3.162333099,0.620335369
2/25/2014,-4.096561814,-0.949119374
2/26/2014,4.738675958,0.709219858
2/27/2014,-2.207977208,-0.243474873
2/28/2014,-0.285714286,0.194401244
3/3/2014,12.5,2.335295234
3/4/2014,-13.4751773,-1.640293323
3/5/2014,-1.51187905,-1.857493857
3/6/2014,2.251935257,0.068748772
3/7/2014,-0.708717222,0.972573429
3/10/2014,0.633802817,-1.410395503
3/11/2014,4.054054054,-1.096819224
3/12/2014,-2.280580511,-2.034794994
3/13/2014,10.7891437,0.284062088
3/14/2014,8.978681257,0.665121435
3/17/2014,-13.93861893,-0.812760337
3/18/2014,-7.713498623,1.648681055
3/19/2014,3.968253968,0.625558534
3/20/2014,-4.132231405,-1.033306581
3/21/2014,3.2,0.290087026
3/24/2014,0.596421471,0.07996002
3/25/2014,-7.631954351,-0.391330524
3/26/2014,6.095110516,0.944240135
3/27/2014,-2.120383037,0.632098765
3/28/2014,-1.457321305,0.471837216
3/31/2014,-3.818443804,-0.157526829
4/1/2014,-5.954198473,-1.885846123
4/2/2014,-0.076394194,-0.090361446
4/3/2014,2.094240838,0.688004786
4/4/2014,4.226361032,0.860023725
4/7/2014,10.3403982,-0.72687444
4/8/2014,-4.566823371,2.086380033
4/9/2014,-7.742402315,0.946402704
4/10/2014,13.02706104,-0.17413176
4/11/2014,6.694074768,0.298996914
4/14/2014,-5.253405439,0.35559827
4/15/2014,-3.651505445,-0.337512054
4/16/2014,-10.08462623,0.009642272
4/17/2014,-6.137724551,0.594268187
4/21/2014,-0.830188679,0.019166267
4/22/2014,-0.454890068,-2.615793097
4/23/2014,0.602863602,-0.216812851
4/24/2014,0.375375375,0.714285714
4/25/2014,5.263157895,-1.338621715
4/28/2014,-0.644237652,0.276871354
4/29/2014,-1.896425966,0.423395037
4/30/2014,-2.237136465,-1.48895773
5/1/2014,-1.20754717,-0.381181663
5/2/2014,-2.633617351,0.399640324
5/5/2014,2.859292701,-0.350912372
5/6/2014,3.695652174,0.070133253
5/7/2014,-2.985074627,1.236888977
5/8/2014,0.223380491,-0.537206526
5/9/2014,-3.947368421,-0.199362041
5/12/2014,-5.641864268,0.564971751
5/13/2014,-0.824402308,1.097931575
5/14/2014,0.328677075,0.604111858
5/15/2014,7.593014427,-0.874778848
5/16/2014,-5.868167203,0.55713029
5/19/2014,-0.161030596,0.621661
5/20/2014,4.166666667,-0.145914397
5/21/2014,-8.816120907,1.447608091
5/22/2014,0.997506234,-0.269153129
5/23/2014,-5.897887324,0.933244453
5/27/2014,1.303214596,-0.21950754
5/28/2014,1.455479452,-1.364032118
5/29/2014,-0.950734659,0.853635143
5/30/2014,-1.49122807,-0.83172147
6/2/2014,1.554404145,-0.320170758
6/3/2014,2.443133951,0.261273466
6/4/2014,1.738410596,-0.06778348
6/5/2014,-3.424657534,-0.096927401
6/6/2014,-8.853681267,0.145180023
6/9/2014,3.766816143,1.684270625
6/10/2014,-1.455868972,-0.066653971
6/11/2014,5.25862069,0.019040366
6/12/2014,7.643312102,2.014925373
6/13/2014,-3.119868637,0.269792539
6/16/2014,3.71541502,0.027901786
6/17/2014,-4.892205638,-0.532959327
6/18/2014,-13.6663525,-0.290697674
6/19/2014,0.094161959,0.410907733
6/20/2014,2.119815668,0.805928671
6/23/2014,1.183970856,-1.048394646
6/24/2014,9.480626546,-0.178169542
6/25/2014,-4.659188956,0.373692078
6/26/2014,0.343938091,-0.516480421
6/27/2014,-3.285968028,-0.028179598
6/30/2014,2.679343129,-0.36768172
7/1/2014,-3.766816143,-0.009428625
7/2/2014,-3.049907579,-0.836660962
7/3/2014,-4.84496124,-0.40091638
7/7/2014,8.914386584,-0.547077455
7/8/2014,5.425709516,-0.124927926
7/9/2014,-2.832618026,-1.097833479
7/10/2014,7.46624305,0.656307306
7/11/2014,-4.221854305,-2.098935751
7/14/2014,-2.199661591,0.24574855
7/15/2014,1.170568562,-1.163484487
7/16/2014,-8.727272727,1.295641932
7/17/2014,24.34662999,1.88751926
7/18/2014,-20.56384743,-0.009631128
7/21/2014,5.854800937,1.433453579
7/22/2014,-4.656862745,-0.717085763
7/23/2014,-6.25,-0.7513727
7/24/2014,2.702702703,-1.021798365
7/25/2014,6.698187549,2.34723938
7/28/2014,-1.035031847,0.425813777
7/29/2014,5.421686747,-0.733962444
7/30/2014,0.375093773,-0.594496117
7/31/2014,21.35693679,-6.169194747
8/1/2014,0.469759221,-0.378091151
8/4/2014,-12.63228175,0.407083249
8/5/2014,10.3734493,-0.945140744
8/6/2014,-3.054367559,-0.42298566
8/7/2014,1.740690276,0.421204027
8/8/2014,-5.64362714,0.276611003
8/11/2014,-10.82220661,0.489346519
8/12/2014,-0.707714084,-0.749794577
8/13/2014,-9.534883721,0.215230091
8/14/2014,-3.8647343,-2.124764497
8/15/2014,5.551330798,1.808838643
8/18/2014,-6.737012987,-0.891746163
8/19/2014,-0.900900901,-2.215156333
8/20/2014,-3.650254669,2.126556017
8/21/2014,-0.170068027,-2.58593168
8/22/2014,-2.528334786,-0.384574298
8/25/2014,1.965811966,1.866023692
8/26/2014,-0.60189166,0.407183128
8/27/2014,1.273344652,0.041744938
8/28/2014,2.2406639,0.642886769
8/29/2014,0.330851944,1.451052524
9/2/2014,1.306122449,-5.316401205
9/3/2014,0.889967638,2.701570681
9/4/2014,2.215189873,-1.0475082
9/5/2014,-4.549214227,-1.275182169
9/8/2014,4.502369668,-0.73402418
9/9/2014,6.222222222,0.097055969
9/10/2014,-4.813664596,-1.112201505
9/11/2014,-0.625,1.270319733
9/12/2014,3.831705485,-0.770232154
9/15/2014,5.736543909,0.73228516
9/16/2014,-10.91908877,2.159940997
9/17/2014,-0.632411067,-0.614862716
9/18/2014,-5.153782211,-1.353819706
9/19/2014,0.660611065,-0.692415882
9/22/2014,11.541271,-1.060572928
9/23/2014,8.305425318,0.098306936
9/24/2014,-12.50941974,2.19017094
9/25/2014,15.15345269,-0.010684902
9/26/2014,-5.31986532,2.051282051
9/29/2014,7.071339174,-1.079022533
9/30/2014,2.023292583,-3.685422836
10/1/2014,2.393776325,-0.473881419
10/2/2014,-3.403459158,0.307624698
10/3/2014,-11.0652921,-1.403743316
10/6/2014,5.886157827,0.631019595
10/7/2014,10.1162843,-1.61997975
10/8/2014,-13.83190602,-1.832970558
10/9/2014,19.45628998,-1.784048507
10/10/2014,11.67608286,0.128100617
10/13/2014,13.7986978,-0.163303394
10/14/2014,-8.117586305,-4.906999511
10/15/2014,9.814004749,0.122219506
10/16/2014,-0.277773799,0.619458278
10/17/2014,-14.59754889,0.56763285
10/20/2014,-18.41680129,-0.048332528
10/21/2014,-15.48507463,0.588588589
10/22/2014,10.01679295,-3.390461997
10/23/2014,-8.106472589,2.765366502
10/24/2014,-2.607076188,-1.894918174
10/27/2014,-0.43640895,-0.012306178
10/28/2014,-11.46630299,0.122910521
10/29/2014,5.01650165,1.082066869
10/30/2014,-4.338842975,-1.468048359
10/31/2014,-3.492516037,-0.658139824
11/3/2014,4.752206382,-2.23435318
11/4/2014,1.074546676,-2.099805574
11/5/2014,-5.081157375,1.98195909
11/6/2014,-3.657644477,-1.078720945
11/7/2014,-4.192073171,1.067208741
11/10/2014,-3.551696922,-1.653106031
11/11/2014,1.93498452,0.539499037
11/12/2014,0.768049155,-0.894245723
11/13/2014,5.583756345,-4.087414002
11/14/2014,-3.606311044,2.344882097
11/17/2014,4.860614725,-0.356953993
11/18/2014,-0.937950938,-1.462105969
11/19/2014,0.716332378,0
11/20/2014,-2.798232695,1.42800476
11/21/2014,-5.271317829,1.163094616
11/24/2014,-2.218700475,-1.029838923
11/25/2014,-3.020408163,-2.296056186
11/26/2014,-1.491300746,-0.461329715
11/28/2014,9.452363091,-11.76827419
12/1/2014,5.861581921,4.407074514
12/2/2014,-10.19455253,-2.970592626
12/3/2014,-2.8,0.460624071
12/4/2014,-0.969305331,-0.854188521
12/5/2014,-4.121110177,-1.274852026
12/8/2014,16.32653061,-4.371930936
12/9/2014,7.426710098,0.957012865
12/10/2014,17.16136443,-4.508935891
12/11/2014,7.719118526,-1.633061156
12/12/2014,4.743833017,-3.805569971
12/15/2014,-3.232125367,-3.305932809
12/16/2014,13.36444633,0.017866714
12/17/2014,-21.24484973,0.815169236
12/18/2014,-15.64546197,-4.15282392
12/19/2014,-1.940563978,4.79704797
12/22/2014,-8.131147541,-3.004524887
12/23/2014,-3.040540541,2.694610778
12/24/2014,-2.992345164,-1.938958707
12/26/2014,0.896551724,-2.033339439
12/29/2014,3.718459495,-2.113729892
12/30/2014,5.40201005,1.256002955
12/31/2014,17.08333765,-1.290926099
1/2/2015,-7.925800566,-1.384673748
1/5/2015,10.69276606,-5.334665335
1/6/2015,5.681822648,-4.314297624
1/7/2015,-9.37339251,1.45820497
1/8/2015,-13.52145209,0.225409836
1/9/2015,3.076917554,-0.930713547
1/12/2015,10.45918878,-4.971775944
1/13/2015,4.669256064,-0.304878049
1/14/2015,4.283058659,5.300061868
1/15/2015,4.064310141,-4.571921501
1/16/2015,-6.873498479,4.372035471
1/20/2015,-5.329321535,-3.633254969
1/21/2015,-5.517236074,2.215256008
1/22/2015,-14.93902439,-4.180274331
1/23/2015,1.56062425,-1.480335837
1/26/2015,-7.345360825,-1.026785714
1/27/2015,9.872236346,2.268760908
1/28/2015,15.75343367,-3.992740472
1/29/2015,-8.955229211,0.090661831
1/30/2015,10.53886078,7.679430843
2/2/2015,-7.925882656,2.964467005
2/3/2015,-12.11771495,7.145550528
2/4/2015,5.45553737,-9.473684211
2/5/2015,-8.783382789,4.021394612
2/6/2015,2.544829234,2.284165699
2/9/2015,6.792442415,2.50990753
2/10/2015,-7.661050493,-5.852976428
2/11/2015,-1.591987122,-2.581967213
2/12/2015,-10.5606193,4.63162009
2/13/2015,-4.424778761,2.829472085
2/17/2015,7.025316456,1.680358476
2/18/2015,-2.265372168,-2.743142145
2/19/2015,-1.046435579,-1.975743349
2/20/2015,-6.923076923,-2.342342342
2/23/2015,1.785714286,-0.786924939
2/24/2015,-6.355003652,-2.227722772
2/25/2015,1.083815029,3.52238806
2/26/2015,0.503235083,-5.456453305
2/27/2015,-4.272863568,4.394060995
3/2/2015,-2.300613497,-0.504133898
3/3/2015,5.916305916,1.665675193
3/4/2015,2.600140548,2.134678828
3/5/2015,-1.353276353,-1.516942474
3/6/2015,7.631578947,-2.318081032
3/9/2015,-0.929614874,0.680680681
3/10/2015,9.766332548,-3.159851301
3/11/2015,1.066982746,-0.74906367
3/12/2015,-9.403378729,-1.994906621
3/13/2015,3.625,-4.991087344
3/16/2015,-2.498398463,-2.1625313
3/17/2015,0.319284802,-1.244526389
3/18/2015,-12.09735147,2.778400179
3/19/2015,0.710732054,-1.385733757
3/20/2015,-8.064516129,4.304347826
3/23/2015,2.908277405,2.953586498
3/24/2015,1.54185022,-0.786731873
3/25/2015,11.78756477,3.528205128
3/26/2015,2.278481013,5.174090644
3/27/2015,-4.844061048,-5.283637108
3/30/2015,-3.859407305,-0.349362926
3/31/2015,5.101373447,-1.969823973
4/1/2015,-1.191264064,4.788507582
4/2/2015,-2.999318337,-2.01506208
4/6/2015,0.474898236,5.664362519
4/7/2015,0.270635995,3.466172382
4/8/2015,-5.722460658,-6.958762887
4/9/2015,-6.79908327,0.68911203
4/10/2015,-4.054054054,1.626961069
4/13/2015,9.756097561,0.615976901
4/14/2015,-1.975128018,2.532833021
4/15/2015,-6.464174455,5.244444444
4/16/2015,-1.904761905,0.776150997
4/17/2015,9.287257019,-1.759109675
4/20/2015,-4.436090226,1.170835551
4/21/2015,-0.377358491,-1.421374595
4/22/2015,-4.248623131,1.050382767
4/23/2015,-1.842948718,0.742180597
4/24/2015,-1.545972335,-1.089674884
4/27/2015,6.326219512,-0.755939525
4/28/2015,-5.721192587,2.611744084
4/29/2015,7.318894698,2.561912895
4/30/2015,7.972508591,1.794699765
5/1/2015,-14.56692913,-0.879864636
5/4/2015,1.167315175,-0.305498982
5/5/2015,10.20265549,2.418019212
5/6/2015,5.544554455,0.902675201
5/7/2015,-0.132187707,-3.288692999
5/8/2015,-17.65163297,0.706951692
5/11/2015,7.14801444,-0.303900051
5/12/2015,0.072150072,2.453886693
5/13/2015,-0.726744186,-0.363636364
5/14/2015,-8.006279435,-1.018533979
5/15/2015,-2.907915994,-0.267872091
5/18/2015,2.749410841,-0.487886945
5/19/2015,0.93385214,-3.734729494
5/20/2015,0.232919255,2.815468114
5/21/2015,-6.358381503,2.027251579
5/22/2015,0.164880462,-2.207880435
5/26/2015,13.72688478,-2.775353465
5/27/2015,-5.953278071,0.382542167
5/28/2015,0.30052592,0.31201248
5/29/2015,3.829479769,4.248962656
